fk_id_driver,fk_id_category
1,3
2,3
3,2
4,1
5,4
6,2
7,3
8,2
9,2
10,1
11,3
12,3
13,3
14,3
15,2
16,1
17,1
18,1
19,1
20,2
21,2
22,3
23,2
24,3
25,3
26,2
27,4
28,1
29,2
30,1
31,3
32,1
33,4
34,2
35,2
36,2
37,2
38,4
39,2
40,3
41,2
42,3
43,2
44,1
45,1
46,1
47,1
48,1
49,1
50,1
51,1
52,2
53,2
54,4
55,1
56,2
57,1
58,4
59,3
60,2
61,1
62,3
63,3
64,3
65,1
66,2
67,4
68,3
69,4
70,2
71,1
72,1
73,3
74,2
75,2
76,4
77,1
78,3
79,1
80,2
81,4
82,4
83,1
84,3
85,3
86,1
87,1
88,2
89,2
90,2
91,1
92,3
93,3
94,2
95,2
96,3
97,2
98,4
99,4
100,2
101,1
102,1
103,2
104,1
105,1
106,3
107,4
108,1
109,3
110,3
111,1
112,4
113,4
114,1
115,1
116,2
117,3
118,4
119,4
120,1
121,3
122,2
123,1
124,3
125,4
126,2
127,4
128,1
129,2
130,2
131,2
132,3
133,3
134,3
135,1
136,2
137,1
138,3
139,3
140,1
141,1
142,4
143,3
144,4
145,2
146,1
147,2
148,3
149,3
150,2
151,3
152,1
153,4
154,3
155,2
156,1
157,2
158,3
159,4
160,1
161,4
162,1
163,2
164,4
165,3
166,3
167,4
168,4
169,3
170,3
171,4
172,3
173,4
174,2
175,1
176,2
177,2
178,2
179,1
180,2
181,1
182,3
183,4
184,2
185,1
186,2
187,1
188,1
189,1
190,2
191,1
192,4
193,1
194,1
195,2
196,4
197,3
198,4
199,2
200,2
201,4
202,1
203,2
204,4
205,1
206,2
207,4
208,4
209,1
210,4
211,4
212,1
213,4
214,2
215,4
216,1
217,1
218,2
219,4
220,1
221,1
222,3
223,3
224,1
225,3
226,1
227,4
228,3
229,2
230,3
231,4
232,4
233,1
234,4
235,1
236,2
237,1
238,1
239,3
240,2
241,3
242,2
243,4
244,1
245,3
246,3
247,3
248,2
249,3
250,1
251,4
252,1
253,4
254,3
255,4
256,1
257,2
258,3
259,1
260,1
261,4
262,1
263,3
264,4
265,4
266,2
267,3
268,1
269,1
270,4
271,1
272,4
273,1
274,3
275,2
276,3
277,4
278,4
279,2
280,3
281,1
282,3
283,2
284,2
285,4
286,3
287,1
288,1
289,3
290,3
291,4
292,3
293,2
294,4
295,2
296,1
297,1
298,3
299,2
300,1
301,4
302,1
303,3
304,1
305,3
306,2
307,3
308,4
309,4
310,3
311,1
312,4
313,3
314,2
315,2
316,1
317,2
318,4
319,4
320,2
321,4
322,2
323,3
324,1
325,3
326,3
327,4
328,3
329,4
330,3
331,1
332,3
333,1
334,3
335,1
336,4
337,4
338,1
339,2
340,1
341,2
342,2
343,3
344,3
345,2
346,4
347,1
348,4
349,4
350,2
351,3
352,4
353,1
354,1
355,2
356,1
357,4
358,2
359,3
360,2
361,1
362,4
363,3
364,2
365,3
366,1
367,2
368,4
369,2
370,2
371,3
372,2
373,1
374,4
375,2
376,3
377,1
378,3
379,1
380,3
381,4
382,1
383,2
384,3
385,3
386,3
387,4
388,4
389,4
390,3
391,3
392,4
393,3
394,2
395,1
396,1
397,4
398,4
399,4
400,2
401,2
402,1
403,4
404,4
405,4
406,4
407,3
408,4
409,4
410,4
411,2
412,3
413,3
414,4
415,3
416,4
417,2
418,3
419,4
420,2
421,3
422,4
423,2
424,1
425,1
426,3
427,2
428,2
429,4
430,4
431,1
432,4
433,1
434,1
435,3
436,3
437,1
438,1
439,3
440,1
441,4
442,1
443,3
444,2
445,2
446,4
447,4
448,1
449,3
450,4
451,3
452,3
453,4
454,2
455,2
456,4
457,1
458,3
459,4
460,3
461,3
462,1
463,1
464,4
465,1
466,3
467,1
468,2
469,3
470,3
471,3
472,1
473,4
474,1
475,3
476,2
477,2
478,1
479,4
480,2
481,1
482,3
483,2
484,4
485,4
486,3
487,4
488,1
489,1
490,2
491,2
492,2
493,3
494,2
495,4
496,2
497,2
498,2
499,1
500,4
501,4
502,4
503,3
504,3
505,3
506,4
507,1
508,2
509,1
510,1
511,3
512,2
513,1
514,4
515,2
516,1
517,2
518,3
519,4
520,1
521,3
522,3
523,2
524,2
525,1
526,1
527,3
528,2
529,4
530,2
531,1
532,4
533,1
534,3
535,3
536,1
537,4
538,4
539,1
540,2
541,1
542,1
543,2
544,3
545,2
546,4
547,3
548,3
549,3
550,3
551,3
552,1
553,4
554,3
555,4
556,4
557,3
558,2
559,4
560,4
561,4
562,2
563,3
564,1
565,2
566,4
567,1
568,4
569,2
570,1
571,4
572,1
573,1
574,2
575,1
576,2
577,3
578,1
579,4
580,3
581,1
582,3
583,2
584,1
585,3
586,4
587,2
588,1
589,1
590,4
591,2
592,3
593,3
594,2
595,3
596,1
597,1
598,2
599,1
600,4
601,1
602,4
603,3
604,3
605,1
606,1
607,1
608,2
609,1
610,4
611,2
612,3
613,4
614,3
615,4
616,3
617,1
618,4
619,4
620,4
621,3
622,1
623,3
624,2
625,4
626,2
627,1
628,1
629,1
630,3
631,1
632,4
633,1
634,4
635,2
636,1
637,2
638,2
639,1
640,3
641,2
642,2
643,3
644,4
645,3
646,1
647,1
648,3
649,4
650,1
651,2
652,4
653,1
654,4
655,2
656,2
657,3
658,2
659,3
660,4
661,1
662,4
663,4
664,3
665,1
666,3
667,4
668,2
669,3
670,3
671,3
672,3
673,2
674,4
675,2
676,3
677,3
678,4
679,2
680,3
681,4
682,4
683,4
684,4
685,1
686,4
687,1
688,4
689,2
690,2
691,4
692,4
693,2
694,1
695,1
696,3
697,4
698,3
699,2
700,2
701,2
702,3
703,2
704,3
705,1
706,3
707,3
708,1
709,1
710,4
711,4
712,2
713,2
714,4
715,1
716,1
717,2
718,1
719,4
720,2
721,1
722,4
723,3
724,3
725,4
726,2
727,3
728,3
729,3
730,4
731,4
732,4
733,1
734,4
735,2
736,1
737,4
738,2
739,2
740,2
741,4
742,3
743,2
744,2
745,4
746,2
747,1
748,1
749,2
750,1
751,1
752,1
753,3
754,4
755,2
756,3
757,1
758,3
759,2
760,3
761,4
762,4
763,3
764,4
765,2
766,4
767,4
768,2
769,4
770,4
771,2
772,4
773,2
774,3
775,3
776,2
777,1
778,4
779,2
780,3
781,4
782,1
783,3
784,1
785,2
786,1
787,3
788,2
789,3
790,2
791,2
792,3
793,4
794,3
795,3
796,3
797,2
798,1
799,2
800,3
801,4
802,2
803,1
804,2
805,3
806,4
807,4
808,3
809,2
810,2
811,2
812,4
813,1
814,3
815,3
816,2
817,2
818,3
819,4
820,1
821,3
822,2
823,2
824,1
825,4
826,3
827,2
828,2
829,1
830,3
831,1
832,4
833,3
834,2
835,2
836,4
837,3
838,3
839,2
840,2
841,4
842,2
843,2
844,3
845,1
846,1
847,3
848,1
849,4
850,2
851,3
852,1
853,1
854,3
855,2
856,3
857,3
858,2
859,2
860,1
861,3
862,4
863,4
864,3
865,1
866,3
867,2
868,1
869,3
870,4
871,2
872,2
873,1
874,4
875,2
876,2
877,3
878,3
879,2
880,1
881,1
882,3
883,2
884,1
885,4
886,3
887,1
888,4
889,2
890,2
891,2
892,4
893,4
894,2
895,3
896,2
897,3
898,4
899,4
900,4
901,3
902,4
903,1
904,2
905,2
906,2
907,1
908,2
909,1
910,1
911,3
912,2
913,2
914,3
915,1
916,1
917,2
918,4
919,4
920,2
921,2
922,4
923,2
924,4
925,3
926,3
927,2
928,4
929,3
930,2
931,3
932,4
933,1
934,2
935,2
936,4
937,4
938,3
939,2
940,2
941,4
942,2
943,4
944,1
945,3
946,4
947,2
948,3
949,1
950,2
951,1
952,3
953,1
954,3
955,4
956,2
957,1
958,3
959,1
960,4
961,3
962,4
963,4
964,4
965,2
966,4
967,2
968,1
969,2
970,3
971,4
972,4
973,2
974,4
975,3
976,4
977,3
978,2
979,2
980,2
981,2
982,2
983,2
984,1
985,1
986,1
987,2
988,4
989,3
990,1
991,3
992,2
993,1
994,2
995,3
996,2
997,1
998,2
999,4
1000,1
1001,3
1002,1
1003,2
1004,3
1005,3
1006,1
1007,3
1008,3
1009,1
1010,2
1011,2
1012,2
1013,4
1014,4
1015,4
1016,1
1017,4
1018,3
1019,4
1020,3
1021,1
1022,2
1023,4
1024,2
1025,4
1026,4
1027,4
1028,4
1029,3
1030,4
1031,4
1032,4
1033,4
1034,4
1035,4
1036,2
1037,3
1038,2
1039,1
1040,4
1041,1
1042,4
1043,4
1044,1
1045,4
1046,3
1047,3
1048,2
1049,3
1050,1
1051,4
1052,3
1053,2
1054,3
1055,1
1056,3
1057,2
1058,3
1059,3
1060,1
1061,3
1062,2
1063,3
1064,4
1065,3
1066,1
1067,4
1068,4
1069,1
1070,1
1071,3
1072,2
1073,2
1074,4
1075,2
1076,1
1077,2
1078,3
1079,1
1080,3
1081,2
1082,1
1083,1
1084,1
1085,2
1086,2
1087,4
1088,4
1089,1
1090,4
1091,2
1092,4
1093,1
1094,2
1095,1
1096,4
1097,4
1098,1
1099,1
1100,2
1101,2
1102,1
1103,3
1104,1
1105,4
1106,4
1107,1
1108,2
1109,4
1110,4
1111,4
1112,1
1113,3
1114,1
1115,1
1116,4
1117,2
1118,2
1119,1
1120,3
1121,1
1122,4
1123,2
1124,4
1125,3
1126,3
1127,2
1128,3
1129,3
1130,2
1131,1
1132,1
1133,1
1134,4
1135,1
1136,4
1137,1
1138,1
1139,2
1140,2
1141,2
1142,3
1143,2
1144,2
1145,1
1146,4
1147,2
1148,3
1149,3
1150,4
1151,3
1152,4
1153,3
1154,2
1155,3
1156,4
1157,4
1158,4
1159,2
1160,3
1161,2
1162,1
1163,1
1164,2
1165,4
1166,2
1167,2
1168,4
1169,4
1170,2
1171,1
1172,3
1173,3
1174,1
1175,4
1176,3
1177,2
1178,3
1179,4
1180,1
1181,1
1182,2
1183,4
1184,4
1185,1
1186,2
1187,2
1188,3
1189,3
1190,1
1191,2
1192,2
1193,4
1194,4
1195,2
1196,3
1197,4
1198,3
1199,1
1200,3
1201,4
1202,1
1203,4
1204,2
1205,4
1206,3
1207,2
1208,2
1209,3
1210,4
1211,2
1212,2
1213,3
1214,2
1215,1
1216,2
1217,2
1218,2
1219,1
1220,1
1221,2
1222,2
1223,4
1224,2
1225,3
1226,1
1227,2
1228,2
1229,3
1230,3
1231,1
1232,4
1233,2
1234,3
1235,3
1236,4
1237,4
1238,4
1239,4
1240,4
1241,3
1242,1
1243,3
1244,4
1245,3
1246,2
1247,1
1248,3
1249,2
1250,1
1251,3
1252,4
1253,3
1254,2
1255,2
1256,2
1257,4
1258,1
1259,1
1260,4
1261,4
1262,2
1263,2
1264,2
1265,2
1266,1
1267,3
1268,1
1269,4
1270,4
1271,3
1272,1
1273,1
1274,3
1275,3
1276,1
1277,2
1278,1
1279,3
1280,1
1281,3
1282,4
1283,4
1284,1
1285,3
1286,1
1287,1
1288,4
1289,2
1290,4
1291,3
1292,3
1293,1
1294,2
1295,2
1296,1
1297,2
1298,3
1299,3
1300,2
1301,4
1302,1
1303,2
1304,2
1305,2
1306,2
1307,1
1308,3
1309,4
1310,1
1311,1
1312,3
1313,2
1314,3
1315,2
1316,3
1317,1
1318,2
1319,2
1320,1
1321,3
1322,3
1323,1
1324,1
1325,4
1326,1
1327,2
1328,2
1329,1
1330,3
1331,3
1332,2
1333,2
1334,4
1335,4
1336,1
1337,3
1338,4
1339,3
1340,3
1341,3
1342,2
1343,3
1344,2
1345,4
1346,2
1347,1
1348,4
1349,1
1350,1
1351,3
1352,4
1353,4
1354,4
1355,4
1356,3
1357,1
1358,3
1359,4
1360,1
1361,3
1362,4
1363,4
1364,4
1365,1
1366,2
1367,2
1368,2
1369,1
1370,2
1371,4
1372,4
1373,2
1374,3
1375,2
1376,1
1377,3
1378,3
1379,2
1380,1
1381,1
1382,3
1383,3
1384,3
1385,4
1386,2
1387,4
1388,1
1389,3
1390,2
1391,1
1392,2
1393,4
1394,3
1395,3
1396,1
1397,4
1398,4
1399,3
1400,2
1401,4
1402,3
1403,2
1404,1
1405,3
1406,4
1407,2
1408,1
1409,4
1410,2
1411,2
1412,4
1413,4
1414,4
1415,1
1416,1
1417,2
1418,1
1419,4
1420,4
1421,4
1422,2
1423,1
1424,4
1425,3
1426,2
1427,1
1428,2
1429,1
1430,3
1431,1
1432,3
1433,4
1434,3
1435,3
1436,4
1437,1
1438,4
1439,1
1440,4
1441,4
1442,3
1443,1
1444,2
1445,1
1446,1
1447,1
1448,4
1449,4
1450,2
1451,2
1452,2
1453,3
1454,2
1455,3
1456,3
1457,1
1458,3
1459,1
1460,4
1461,3
1462,3
1463,1
1464,2
1465,3
1466,2
1467,4
1468,3
1469,3
1470,2
1471,1
1472,3
1473,3
1474,2
1475,4
1476,3
1477,4
1478,4
1479,1
1480,1
1481,2
1482,2
1483,3
1484,1
1485,1
1486,4
1487,1
1488,1
1489,2
1490,2
1491,3
1492,1
1493,1
1494,2
1495,2
1496,2
1497,4
1498,1
1499,2
1500,1
1501,2
1502,4
1503,2
1504,4
1505,4
1506,2
1507,3
1508,1
1509,4
1510,3
1511,4
1512,3
1513,3
1514,1
1515,4
1516,1
1517,3
1518,1
1519,1
1520,3
1521,2
1522,3
1523,3
1524,1
1525,1
1526,1
1527,2
1528,3
1529,4
1530,4
1531,3
1532,2
1533,4
1534,4
1535,4
1536,2
1537,4
1538,1
1539,4
1540,4
1541,4
1542,1
1543,1
1544,1
1545,2
1546,3
1547,2
1548,2
1549,4
1550,4
1551,2
1552,2
1553,1
1554,3
1555,4
1556,3
1557,3
1558,4
1559,2
1560,2
1561,3
1562,2
1563,1
1564,2
1565,2
1566,1
1567,1
1568,2
1569,1
1570,1
1571,1
1572,3
1573,4
1574,3
1575,4
1576,3
1577,2
1578,1
1579,2
1580,3
1581,1
1582,2
1583,2
1584,1
1585,2
1586,4
1587,3
1588,2
1589,4
1590,2
1591,2
1592,1
1593,4
1594,4
1595,3
1596,4
1597,3
1598,4
1599,1
1600,1
1601,2
1602,4
1603,4
1604,3
1605,2
1606,4
1607,2
1608,3
1609,2
1610,2
1611,3
1612,1
1613,1
1614,1
1615,2
1616,2
1617,4
1618,4
1619,4
1620,3
1621,2
1622,4
1623,2
1624,4
1625,1
1626,4
1627,4
1628,4
1629,3
1630,1
1631,3
1632,1
1633,1
1634,1
1635,3
1636,2
1637,3
1638,3
1639,3
1640,3
1641,2
1642,2
1643,1
1644,3
1645,4
1646,4
1647,1
1648,1
1649,1
1650,3
1651,3
1652,4
1653,1
1654,3
1655,1
1656,3
1657,3
1658,1
1659,1
1660,4
1661,2
1662,4
1663,3
1664,4
1665,1
1666,4
1667,4
1668,4
1669,2
1670,2
1671,4
1672,1
1673,1
1674,1
1675,4
1676,2
1677,2
1678,3
1679,4
1680,3
1681,1
1682,1
1683,1
1684,1
1685,1
1686,1
1687,4
1688,3
1689,4
1690,1
1691,3
1692,4
1693,4
1694,2
1695,1
1696,3
1697,1
1698,2
1699,3
1700,2
1701,2
1702,4
1703,4
1704,3
1705,2
1706,3
1707,4
1708,1
1709,2
1710,4
1711,2
1712,2
1713,2
1714,3
1715,4
1716,3
1717,3
1718,4
1719,2
1720,1
1721,2
1722,1
1723,2
1724,4
1725,2
1726,1
1727,2
1728,3
1729,4
1730,2
1731,1
1732,2
1733,2
1734,4
1735,1
1736,3
1737,4
1738,1
1739,4
1740,1
1741,4
1742,2
1743,4
1744,4
1745,2
1746,4
1747,4
1748,1
1749,1
1750,3
1751,4
1752,3
1753,2
1754,3
1755,3
1756,1
1757,2
1758,4
1759,3
1760,3
1761,1
1762,4
1763,1
1764,3
1765,4
1766,1
1767,3
1768,3
1769,1
1770,4
1771,3
1772,2
1773,1
1774,1
1775,2
1776,2
1777,3
1778,4
1779,1
1780,1
1781,3
1782,4
1783,2
1784,4
1785,3
1786,2
1787,3
1788,2
1789,4
1790,1
1791,4
1792,4
1793,4
1794,2
1795,3
1796,3
1797,3
1798,4
1799,1
1800,4
1801,3
1802,3
1803,1
1804,1
1805,1
1806,4
1807,1
1808,3
1809,1
1810,2
1811,3
1812,2
1813,1
1814,3
1815,3
1816,3
1817,1
1818,3
1819,2
1820,2
1821,1
1822,3
1823,3
1824,2
1825,4
1826,4
1827,4
1828,1
1829,1
1830,3
1831,1
1832,3
1833,1
1834,3
1835,4
1836,2
1837,3
1838,3
1839,3
1840,3
1841,4
1842,4
1843,3
1844,4
1845,4
1846,3
1847,4
1848,4
1849,1
1850,2
1851,3
1852,4
1853,3
1854,2
1855,4
1856,4
1857,4
1858,1
1859,4
1860,4
1861,3
1862,1
1863,4
1864,4
1865,4
1866,2
1867,2
1868,2
1869,3
1870,3
1871,1
1872,1
1873,4
1874,1
1875,4
1876,3
1877,1
1878,2
1879,4
1880,4
1881,2
1882,4
1883,2
1884,3
1885,4
1886,1
1887,1
1888,1
1889,3
1890,2
1891,3
1892,2
1893,3
1894,4
1895,1
1896,1
1897,3
1898,3
1899,2
1900,2
1901,2
1902,3
1903,3
1904,1
1905,4
1906,3
1907,3
1908,2
1909,2
1910,3
1911,2
1912,3
1913,4
1914,3
1915,2
1916,3
1917,1
1918,2
1919,2
1920,1
1921,3
1922,2
1923,3
1924,1
1925,4
1926,1
1927,2
1928,2
1929,2
1930,4
1931,4
1932,2
1933,4
1934,4
1935,2
1936,2
1937,2
1938,3
1939,3
1940,2
1941,2
1942,3
1943,1
1944,1
1945,1
1946,3
1947,1
1948,2
1949,3
1950,2
1951,4
1952,4
1953,1
1954,3
1955,3
1956,2
1957,4
1958,3
1959,2
1960,1
1961,4
1962,3
1963,1
1964,2
1965,3
1966,4
1967,3
1968,2
1969,2
1970,2
1971,4
1972,2
1973,1
1974,3
1975,3
1976,3
1977,2
1978,3
1979,3
1980,2
1981,2
1982,1
1983,2
1984,2
1985,3
1986,1
1987,2
1988,4
1989,3
1990,2
1991,3
1992,4
1993,3
1994,3
1995,3
1996,3
1997,4
1998,3
1999,2
2000,1
2001,1
2002,1
2003,3
2004,3
2005,4
2006,3
2007,4
2008,2
2009,1
2010,1
2011,1
2012,2
2013,2
2014,3
2015,2
2016,4
2017,3
2018,4
2019,3
2020,2
2021,3
2022,1
2023,4
2024,4
2025,1
2026,2
2027,1
2028,3
2029,1
2030,1
2031,2
2032,1
2033,1
2034,3
2035,1
2036,2
2037,1
2038,4
2039,4
2040,4
2041,4
2042,3
2043,3
2044,1
2045,1
2046,2
2047,2
2048,2
2049,2
2050,3
2051,3
2052,2
2053,3
2054,1
2055,1
2056,2
2057,1
2058,3
2059,1
2060,4
2061,2
2062,4
2063,3
2064,1
2065,4
2066,1
2067,1
2068,1
2069,1
2070,4
2071,2
2072,1
2073,4
2074,3
2075,2
2076,2
2077,2
2078,4
2079,1
2080,1
2081,2
2082,3
2083,1
2084,1
2085,3
2086,3
2087,2
2088,2
2089,2
2090,2
2091,2
2092,3
2093,4
2094,4
2095,4
2096,4
2097,3
2098,1
2099,3
2100,4
2101,2
2102,1
2103,3
2104,4
2105,4
2106,4
2107,4
2108,3
2109,3
2110,2
2111,4
2112,3
2113,1
2114,1
2115,3
2116,3
2117,3
2118,1
2119,4
2120,2
2121,2
2122,1
2123,2
2124,4
2125,3
2126,4
2127,2
2128,2
2129,3
2130,2
2131,3
2132,4
2133,3
2134,4
2135,3
2136,1
2137,2
2138,3
2139,1
2140,3
2141,2
2142,1
2143,2
2144,1
2145,4
2146,1
2147,2
2148,4
2149,4
2150,2
2151,4
2152,3
2153,1
2154,2
2155,4
2156,4
2157,1
2158,4
2159,4
2160,1
2161,4
2162,2
2163,2
2164,2
2165,2
2166,2
2167,2
2168,1
2169,4
2170,2
2171,2
2172,2
2173,1
2174,1
2175,4
2176,2
2177,4
2178,2
2179,4
2180,1
2181,1
2182,1
2183,4
2184,3
2185,3
2186,1
2187,2
2188,4
2189,2
2190,3
2191,1
2192,1
2193,4
2194,4
2195,1
2196,1
2197,2
2198,3
2199,1
2200,4
2201,1
2202,1
2203,4
2204,3
2205,3
2206,1
2207,2
2208,1
2209,4
2210,2
2211,4
2212,2
2213,1
2214,2
2215,3
2216,4
2217,1
2218,2
2219,2
2220,3
2221,1
2222,4
2223,4
2224,3
2225,3
2226,2
2227,2
2228,3
2229,2
2230,1
2231,1
2232,2
2233,3
2234,3
2235,4
2236,4
2237,2
2238,1
2239,2
2240,2
2241,3
2242,2
2243,2
2244,2
2245,2
2246,4
2247,3
2248,1
2249,3
2250,2
2251,4
2252,2
2253,4
2254,1
2255,3
2256,1
2257,4
2258,4
2259,3
2260,4
2261,1
2262,4
2263,3
2264,1
2265,4
2266,1
2267,1
2268,2
2269,1
2270,2
2271,3
2272,4
2273,2
2274,4
2275,1
2276,2
2277,4
2278,4
2279,4
2280,4
2281,3
2282,1
2283,1
2284,4
2285,1
2286,3
2287,1
2288,3
2289,3
2290,1
2291,4
2292,1
2293,1
2294,1
2295,4
2296,4
2297,2
2298,2
2299,3
2300,1
2301,1
2302,4
2303,4
2304,2
2305,3
2306,4
2307,1
2308,1
2309,1
2310,4
2311,1
2312,2
2313,1
2314,4
2315,3
2316,1
2317,1
2318,1
2319,2
2320,3
2321,3
2322,4
2323,3
2324,3
2325,2
2326,2
2327,3
2328,1
2329,2
2330,4
2331,2
2332,2
2333,3
2334,2
2335,3
2336,4
2337,1
2338,2
2339,4
2340,2
2341,1
2342,2
2343,1
2344,4
2345,3
2346,2
2347,1
2348,4
2349,4
2350,4
2351,3
2352,3
2353,3
2354,4
2355,4
2356,4
2357,2
2358,2
2359,1
2360,2
2361,2
2362,4
2363,2
2364,4
2365,2
2366,4
2367,4
2368,2
2369,4
2370,4
2371,4
2372,4
2373,4
2374,4
2375,4
2376,3
2377,2
2378,3
2379,4
2380,4
2381,3
2382,2
2383,4
2384,4
2385,4
2386,1
2387,1
2388,3
2389,2
2390,4
2391,2
2392,2
2393,4
2394,4
2395,4
2396,1
2397,1
2398,3
2399,3
2400,4
2401,1
2402,2
2403,4
2404,1
2405,4
2406,2
2407,2
2408,1
2409,4
2410,4
2411,3
2412,3
2413,1
2414,2
2415,1
2416,3
2417,1
2418,2
2419,1
2420,4
2421,2
2422,4
2423,1
2424,1
2425,4
2426,3
2427,2
2428,3
2429,1
2430,2
2431,4
2432,2
2433,1
2434,2
2435,2
2436,1
2437,4
2438,4
2439,1
2440,3
2441,3
2442,1
2443,1
2444,1
2445,4
2446,1
2447,4
2448,3
2449,4
2450,3
2451,4
2452,1
2453,2
2454,4
2455,2
2456,3
2457,4
2458,4
2459,3
2460,4
2461,1
2462,4
2463,4
2464,2
2465,2
2466,3
2467,4
2468,2
2469,4
2470,1
2471,2
2472,4
2473,4
2474,2
2475,1
2476,4
2477,1
2478,4
2479,2
2480,3
2481,1
2482,3
2483,3
2484,2
2485,3
2486,4
2487,4
2488,1
2489,3
2490,2
2491,1
2492,4
2493,3
2494,1
2495,4
2496,3
2497,4
2498,3
2499,4
2500,3
2501,3
2502,1
2503,3
2504,3
2505,1
2506,3
2507,4
2508,1
2509,4
2510,2
2511,4
2512,1
2513,2
2514,2
2515,2
2516,3
2517,4
2518,4
2519,3
2520,1
2521,3
2522,1
2523,2
2524,2
2525,3
2526,1
2527,1
2528,3
2529,3
2530,1
2531,3
2532,3
2533,3
2534,2
2535,4
2536,1
2537,2
2538,4
2539,1
2540,2
2541,1
2542,2
2543,4
2544,4
2545,1
2546,4
2547,1
2548,4
2549,4
2550,1
2551,1
2552,1
2553,2
2554,1
2555,1
2556,1
2557,3
2558,4
2559,2
2560,2
2561,2
2562,3
2563,1
2564,1
2565,4
2566,4
2567,3
2568,1
2569,3
2570,2
2571,3
2572,4
2573,2
2574,2
2575,1
2576,3
2577,3
2578,2
2579,1
2580,4
2581,2
2582,2
2583,1
2584,2
2585,2
2586,4
2587,4
2588,2
2589,1
2590,1
2591,2
2592,1
2593,2
2594,1
2595,4
2596,2
2597,1
2598,1
2599,1
2600,3
2601,2
2602,3
2603,4
2604,4
2605,2
2606,2
2607,2
2608,1
2609,2
2610,4
2611,2
2612,2
2613,2
2614,1
2615,4
2616,2
2617,1
2618,2
2619,4
2620,2
2621,2
2622,3
2623,2
2624,4
2625,3
2626,1
2627,4
2628,3
2629,3
2630,2
2631,3
2632,4
2633,1
2634,1
2635,1
2636,2
2637,1
2638,2
2639,3
2640,3
2641,4
2642,3
2643,3
2644,3
2645,1
2646,1
2647,4
2648,1
2649,4
2650,3
2651,3
2652,1
2653,1
2654,1
2655,3
2656,4
2657,1
2658,2
2659,1
2660,2
2661,3
2662,1
2663,4
2664,3
2665,1
2666,2
2667,4
2668,3
2669,4
2670,2
2671,4
2672,1
2673,3
2674,3
2675,2
2676,4
2677,1
2678,2
2679,3
2680,3
2681,4
2682,1
2683,1
2684,2
2685,1
2686,2
2687,4
2688,4
2689,1
2690,1
2691,1
2692,2
2693,1
2694,4
2695,1
2696,3
2697,3
2698,2
2699,1
2700,2
2701,4
2702,4
2703,3
2704,1
2705,2
2706,2
2707,2
2708,4
2709,3
2710,2
2711,2
2712,4
2713,1
2714,4
2715,4
2716,1
2717,2
2718,1
2719,2
2720,4
2721,2
2722,4
2723,1
2724,3
2725,4
2726,4
2727,2
2728,1
2729,1
2730,1
2731,3
2732,3
2733,1
2734,1
2735,2
2736,4
2737,2
2738,1
2739,1
2740,4
2741,1
2742,1
2743,4
2744,1
2745,1
2746,2
2747,1
2748,2
2749,2
2750,3
2751,3
2752,2
2753,4
2754,3
2755,2
2756,1
2757,3
2758,2
2759,1
2760,2
2761,4
2762,2
2763,2
2764,1
2765,1
2766,1
2767,1
2768,4
2769,1
2770,1
2771,3
2772,3
2773,2
2774,2
2775,3
2776,2
2777,4
2778,3
2779,3
2780,3
2781,4
2782,3
2783,3
2784,3
2785,1
2786,2
2787,2
2788,2
2789,4
2790,2
2791,1
2792,1
2793,3
2794,1
2795,3
2796,1
2797,2
2798,2
2799,2
2800,4
2801,4
2802,1
2803,2
2804,4
2805,4
2806,2
2807,3
2808,4
2809,4
2810,3
2811,3
2812,2
2813,1
2814,3
2815,1
2816,2
2817,3
2818,3
2819,4
2820,2
2821,2
2822,1
2823,1
2824,2
2825,2
2826,3
2827,1
2828,1
2829,2
2830,3
2831,4
2832,4
2833,2
2834,3
2835,3
2836,4
2837,4
2838,3
2839,1
2840,2
2841,4
2842,2
2843,3
2844,1
2845,3
2846,2
2847,3
2848,1
2849,4
2850,2
2851,2
2852,4
2853,2
2854,2
2855,2
2856,4
2857,3
2858,1
2859,4
2860,3
2861,4
2862,3
2863,4
2864,3
2865,3
2866,2
2867,1
2868,1
2869,3
2870,4
2871,1
2872,3
2873,2
2874,3
2875,1
2876,2
2877,1
2878,4
2879,4
2880,2
2881,2
2882,3
2883,4
2884,3
2885,2
2886,1
2887,2
2888,2
2889,3
2890,3
2891,4
2892,3
2893,1
2894,2
2895,2
2896,2
2897,3
2898,2
2899,2
2900,3
2901,3
2902,3
2903,1
2904,2
2905,2
2906,3
2907,4
2908,1
2909,3
2910,1
2911,1
2912,4
2913,4
2914,4
2915,2
2916,1
2917,1
2918,2
2919,2
2920,1
2921,4
2922,2
2923,2
2924,4
2925,3
2926,1
2927,2
2928,1
2929,1
2930,1
2931,2
2932,3
2933,3
2934,4
2935,4
2936,3
2937,4
2938,2
2939,3
2940,1
2941,4
2942,3
2943,1
2944,2
2945,3
2946,1
2947,4
2948,2
2949,4
2950,1
2951,2
2952,2
2953,2
2954,2
2955,2
2956,3
2957,2
2958,4
2959,2
2960,1
2961,1
2962,2
2963,4
2964,1
2965,2
2966,2
2967,3
2968,1
2969,3
2970,3
2971,3
2972,4
2973,4
2974,1
2975,4
2976,2
2977,1
2978,4
2979,1
2980,3
2981,1
2982,2
2983,2
2984,1
2985,2
2986,2
2987,4
2988,1
2989,4
2990,4
2991,3
2992,1
2993,2
2994,1
2995,2
2996,4
2997,4
2998,1
2999,1
3000,4
3001,2
3002,1
3003,3
3004,4
3005,3
3006,4
3007,2
3008,3
3009,1
3010,1
3011,4
3012,1
3013,3
3014,2
3015,2
3016,2
3017,1
3018,3
3019,1
3020,2
3021,2
3022,3
3023,1
3024,3
3025,3
3026,1
3027,1
3028,4
3029,3
3030,4
3031,1
3032,1
3033,2
3034,1
3035,4
3036,4
3037,2
3038,1
3039,4
3040,1
3041,1
3042,4
3043,4
3044,4
3045,3
3046,2
3047,2
3048,1
3049,3
3050,3
3051,3
3052,2
3053,2
3054,4
3055,4
3056,2
3057,2
3058,2
3059,3
3060,2
3061,1
3062,3
3063,3
3064,2
3065,4
3066,3
3067,1
3068,1
3069,4
3070,1
3071,2
3072,4
3073,2
3074,1
3075,3
3076,4
3077,3
3078,2
3079,3
3080,2
3081,3
3082,4
3083,1
3084,1
3085,4
3086,2
3087,2
3088,1
3089,1
3090,3
3091,3
3092,4
3093,2
3094,2
3095,2
3096,1
3097,4
3098,3
3099,1
3100,2
3101,2
3102,1
3103,1
3104,4
3105,2
3106,4
3107,1
3108,2
3109,1
3110,1
3111,4
3112,2
3113,1
3114,3
3115,1
3116,2
3117,1
3118,3
3119,4
3120,1
3121,1
3122,3
3123,4
3124,1
3125,2
3126,4
3127,4
3128,1
3129,3
3130,1
3131,1
3132,1
3133,3
3134,4
3135,1
3136,3
3137,1
3138,1
3139,3
3140,1
3141,1
3142,3
3143,4
3144,4
3145,4
3146,2
3147,4
3148,1
3149,4
3150,4
3151,2
3152,2
3153,2
3154,2
3155,1
3156,4
3157,4
3158,1
3159,4
3160,2
3161,4
3162,2
3163,3
3164,1
3165,1
3166,1
3167,2
3168,4
3169,1
3170,4
3171,3
3172,1
3173,3
3174,1
3175,1
3176,3
3177,4
3178,4
3179,3
3180,2
3181,1
3182,2
3183,1
3184,3
3185,4
3186,4
3187,2
3188,2
3189,2
3190,3
3191,1
3192,1
3193,4
3194,1
3195,4
3196,2
3197,2
3198,3
3199,1
3200,3
3201,2
3202,1
3203,1
3204,4
3205,3
3206,4
3207,2
3208,2
3209,3
3210,2
3211,2
3212,4
3213,3
3214,2
3215,3
3216,2
3217,2
3218,2
3219,2
3220,1
3221,1
3222,1
3223,3
3224,4
3225,1
3226,3
3227,4
3228,2
3229,1
3230,3
3231,4
3232,4
3233,3
3234,2
3235,2
3236,4
3237,3
3238,4
3239,3
3240,1
3241,1
3242,4
3243,4
3244,1
3245,4
3246,1
3247,3
3248,1
3249,4
3250,1
3251,3
3252,1
3253,1
3254,1
3255,2
3256,1
3257,4
3258,3
3259,4
3260,3
3261,2
3262,4
3263,2
3264,1
3265,4
3266,2
3267,4
3268,1
3269,4
3270,4
3271,1
3272,4
3273,4
3274,2
3275,3
3276,1
3277,2
3278,4
3279,2
3280,1
3281,1
3282,2
3283,2
3284,2
3285,2
3286,2
3287,1
3288,4
3289,1
3290,2
3291,4
3292,3
3293,1
3294,2
3295,3
3296,2
3297,3
3298,1
3299,4
3300,3
3301,4
3302,3
3303,2
3304,2
3305,1
3306,2
3307,4
3308,3
3309,2
3310,4
3311,1
3312,2
3313,1
3314,2
3315,2
3316,2
3317,2
3318,4
3319,4
3320,2
3321,2
3322,1
3323,3
3324,1
3325,2
3326,1
3327,4
3328,1
3329,1
3330,2
3331,2
3332,4
3333,3
3334,1
3335,4
3336,1
3337,2
3338,2
3339,3
3340,2
3341,1
3342,4
3343,4
3344,3
3345,1
3346,3
3347,4
3348,2
3349,3
3350,2
3351,4
3352,1
3353,4
3354,4
3355,1
3356,2
3357,2
3358,4
3359,4
3360,2
3361,2
3362,2
3363,1
3364,3
3365,2
3366,3
3367,3
3368,4
3369,2
3370,2
3371,1
3372,3
3373,4
3374,1
3375,3
3376,1
3377,4
3378,4
3379,4
3380,2
3381,2
3382,1
3383,3
3384,2
3385,3
3386,3
3387,4
3388,1
3389,4
3390,3
3391,1
3392,3
3393,4
3394,2
3395,3
3396,4
3397,4
3398,2
3399,3
3400,1
3401,3
3402,2
3403,4
3404,1
3405,4
3406,2
3407,3
3408,1
3409,2
3410,1
3411,2
3412,1
3413,4
3414,3
3415,4
3416,3
3417,4
3418,1
3419,3
3420,2
3421,3
3422,2
3423,4
3424,1
3425,2
3426,4
3427,4
3428,2
3429,1
3430,4
3431,2
3432,3
3433,4
3434,3
3435,3
3436,3
3437,2
3438,1
3439,2
3440,2
3441,2
3442,1
3443,3
3444,3
3445,3
3446,2
3447,2
3448,1
3449,4
3450,4
3451,4
3452,3
3453,3
3454,2
3455,3
3456,3
3457,2
3458,3
3459,4
3460,4
3461,1
3462,2
3463,4
3464,1
3465,2
3466,4
3467,3
3468,2
3469,4
3470,3
3471,3
3472,4
3473,3
3474,4
3475,1
3476,3
3477,4
3478,1
3479,2
3480,1
3481,1
3482,2
3483,3
3484,1
3485,1
3486,4
3487,2
3488,4
3489,2
3490,2
3491,2
3492,1
3493,2
3494,3
3495,1
3496,3
3497,2
3498,1
3499,3
3500,1
3501,2
3502,2
3503,2
3504,4
3505,3
3506,4
3507,2
3508,4
3509,2
3510,4
3511,2
3512,2
3513,4
3514,4
3515,2
3516,1
3517,3
3518,1
3519,1
3520,1
3521,3
3522,4
3523,2
3524,4
3525,4
3526,4
3527,1
3528,4
3529,4
3530,2
3531,3
3532,1
3533,1
3534,1
3535,3
3536,3
3537,3
3538,4
3539,1
3540,4
3541,3
3542,2
3543,2
3544,3
3545,4
3546,4
3547,2
3548,2
3549,3
3550,4
3551,4
3552,2
3553,3
3554,4
3555,4
3556,3
3557,2
3558,4
3559,1
3560,1
3561,4
3562,2
3563,1
3564,2
3565,4
3566,3
3567,4
3568,3
3569,2
3570,1
3571,3
3572,3
3573,2
3574,4
3575,2
3576,4
3577,4
3578,1
3579,2
3580,4
3581,2
3582,2
3583,2
3584,1
3585,1
3586,4
3587,4
3588,4
3589,4
3590,3
3591,1
3592,3
3593,1
3594,1
3595,3
3596,4
3597,4
3598,3
3599,3
3600,1
3601,1
3602,2
3603,1
3604,2
3605,4
3606,1
3607,2
3608,4
3609,3
3610,4
3611,2
3612,4
3613,4
3614,1
3615,3
3616,1
3617,2
3618,4
3619,3
3620,1
3621,4
3622,4
3623,1
3624,1
3625,3
3626,2
3627,2
3628,3
3629,4
3630,1
3631,4
3632,2
3633,3
3634,2
3635,4
3636,1
3637,3
3638,4
3639,2
3640,2
3641,4
3642,1
3643,1
3644,4
3645,4
3646,1
3647,3
3648,3
3649,1
3650,4
3651,3
3652,4
3653,2
3654,3
3655,3
3656,2
3657,2
3658,2
3659,4
3660,3
3661,4
3662,3
3663,1
3664,2
3665,4
3666,2
3667,3
3668,4
3669,1
3670,4
3671,1
3672,3
3673,2
3674,1
3675,2
3676,1
3677,4
3678,3
3679,2
3680,2
3681,1
3682,3
3683,4
3684,2
3685,3
3686,3
3687,4
3688,2
3689,4
3690,2
3691,3
3692,4
3693,1
3694,1
3695,4
3696,3
3697,2
3698,2
3699,3
3700,4
3701,4
3702,4
3703,1
3704,1
3705,1
3706,2
3707,3
3708,2
3709,1
3710,3
3711,1
3712,3
3713,3
3714,1
3715,4
3716,4
3717,4
3718,3
3719,2
3720,3
3721,3
3722,4
3723,3
3724,3
3725,1
3726,1
3727,3
3728,3
3729,2
3730,3
3731,1
3732,1
3733,2
3734,2
3735,4
3736,1
3737,2
3738,4
3739,2
3740,3
3741,2
3742,1
3743,1
3744,1
3745,2
3746,1
3747,2
3748,3
3749,4
3750,3
3751,2
3752,2
3753,3
3754,4
3755,1
3756,1
3757,2
3758,1
3759,3
3760,1
3761,1
3762,4
3763,1
3764,2
3765,2
3766,3
3767,1
3768,3
3769,2
3770,3
3771,2
3772,4
3773,4
3774,1
3775,4
3776,2
3777,2
3778,4
3779,2
3780,1
3781,3
3782,1
3783,3
3784,2
3785,4
3786,1
3787,1
3788,4
3789,4
3790,1
3791,3
3792,2
3793,4
3794,1
3795,3
3796,3
3797,4
3798,1
3799,4
3800,3
3801,1
3802,2
3803,2
3804,1
3805,2
3806,2
3807,4
3808,2
3809,1
3810,4
3811,1
3812,1
3813,2
3814,2
3815,2
3816,1
3817,3
3818,1
3819,2
3820,1
3821,3
3822,3
3823,3
3824,4
3825,3
3826,1
3827,3
3828,3
3829,1
3830,1
3831,2
3832,3
3833,2
3834,2
3835,4
3836,4
3837,3
3838,1
3839,1
3840,4
3841,1
3842,2
3843,1
3844,1
3845,2
3846,1
3847,4
3848,2
3849,3
3850,3
3851,2
3852,2
3853,1
3854,2
3855,4
3856,1
3857,4
3858,1
3859,3
3860,3
3861,4
3862,4
3863,2
3864,2
3865,1
3866,2
3867,4
3868,3
3869,3
3870,2
3871,1
3872,4
3873,2
3874,4
3875,4
3876,2
3877,4
3878,1
3879,2
3880,3
3881,3
3882,1
3883,2
3884,3
3885,3
3886,2
3887,4
3888,4
3889,1
3890,4
3891,3
3892,3
3893,2
3894,3
3895,1
3896,1
3897,1
3898,2
3899,2
3900,2
3901,2
3902,3
3903,2
3904,3
3905,3
3906,4
3907,3
3908,3
3909,3
3910,3
3911,3
3912,4
3913,1
3914,4
3915,3
3916,1
3917,3
3918,3
3919,2
3920,2
3921,2
3922,1
3923,2
3924,4
3925,2
3926,4
3927,3
3928,2
3929,1
3930,3
3931,1
3932,4
3933,1
3934,3
3935,1
3936,3
3937,3
3938,3
3939,1
3940,3
3941,2
3942,4
3943,1
3944,2
3945,2
3946,1
3947,2
3948,3
3949,2
3950,2
3951,1
3952,3
3953,1
3954,4
3955,3
3956,4
3957,4
3958,4
3959,4
3960,3
3961,3
3962,3
3963,3
3964,1
3965,2
3966,2
3967,1
3968,2
3969,2
3970,4
3971,4
3972,3
3973,2
3974,3
3975,2
3976,3
3977,1
3978,4
3979,2
3980,3
3981,3
3982,2
3983,2
3984,1
3985,2
3986,3
3987,3
3988,2
3989,3
3990,1
3991,2
3992,1
3993,2
3994,3
3995,4
3996,3
3997,4
3998,2
3999,1
4000,1
4001,1
4002,2
4003,3
4004,2
4005,3
4006,4
4007,3
4008,2
4009,3
4010,2
4011,2
4012,4
4013,2
4014,1
4015,1
4016,3
4017,3
4018,2
4019,3
4020,3
4021,1
4022,2
4023,1
4024,1
4025,2
4026,4
4027,3
4028,3
4029,1
4030,3
4031,3
4032,1
4033,1
4034,4
4035,4
4036,2
4037,2
4038,1
4039,2
4040,2
4041,3
4042,4
4043,4
4044,3
4045,1
4046,4
4047,3
4048,4
4049,1
4050,2
4051,2
4052,2
4053,2
4054,3
4055,2
4056,2
4057,4
4058,1
4059,3
4060,4
4061,1
4062,4
4063,3
4064,1
4065,4
4066,2
4067,2
4068,1
4069,2
4070,3
4071,4
4072,1
4073,1
4074,3
4075,1
4076,4
4077,1
4078,1
4079,2
4080,3
4081,3
4082,2
4083,3
4084,3
4085,3
4086,4
4087,3
4088,1
4089,3
4090,4
4091,3
4092,2
4093,2
4094,1
4095,2
4096,3
4097,2
4098,3
4099,3
4100,3
4101,4
4102,1
4103,4
4104,3
4105,4
4106,3
4107,1
4108,4
4109,4
4110,4
4111,2
4112,2
4113,1
4114,4
4115,1
4116,4
4117,2
4118,1
4119,3
4120,3
4121,3
4122,3
4123,4
4124,4
4125,2
4126,1
4127,2
4128,2
4129,2
4130,1
4131,1
4132,3
4133,2
4134,3
4135,1
4136,3
4137,1
4138,1
4139,1
4140,2
4141,3
4142,1
4143,4
4144,1
4145,2
4146,3
4147,2
4148,2
4149,2
4150,2
4151,1
4152,1
4153,1
4154,3
4155,3
4156,4
4157,2
4158,4
4159,1
4160,1
4161,1
4162,2
4163,3
4164,3
4165,3
4166,3
4167,3
4168,1
4169,1
4170,1
4171,1
4172,1
4173,1
4174,3
4175,1
4176,3
4177,3
4178,2
4179,4
4180,4
4181,3
4182,4
4183,3
4184,2
4185,3
4186,3
4187,3
4188,1
4189,2
4190,4
4191,1
4192,1
4193,4
4194,4
4195,2
4196,4
4197,2
4198,4
4199,2
4200,3
4201,2
4202,4
4203,1
4204,1
4205,3
4206,4
4207,2
4208,1
4209,3
4210,2
4211,4
4212,4
4213,4
4214,3
4215,1
4216,1
4217,2
4218,4
4219,4
4220,4
4221,3
4222,4
4223,2
4224,1
4225,3
4226,3
4227,1
4228,4
4229,1
4230,4
4231,4
4232,1
4233,1
4234,4
4235,2
4236,4
4237,2
4238,4
4239,2
4240,3
4241,3
4242,3
4243,4
4244,4
4245,2
4246,4
4247,1
4248,4
4249,1
4250,1
4251,2
4252,2
4253,1
4254,4
4255,4
4256,2
4257,3
4258,2
4259,2
4260,1
4261,1
4262,3
4263,3
4264,3
4265,4
4266,4
4267,4
4268,3
4269,4
4270,1
4271,4
4272,4
4273,3
4274,2
4275,3
4276,1
4277,3
4278,3
4279,3
4280,2
4281,2
4282,2
4283,2
4284,3
4285,2
4286,1
4287,1
4288,2
4289,1
4290,4
4291,2
4292,2
4293,2
4294,2
4295,3
4296,3
4297,1
4298,4
4299,4
4300,4
4301,1
4302,3
4303,2
4304,4
4305,1
4306,1
4307,3
4308,1
4309,2
4310,1
4311,3
4312,1
4313,2
4314,4
4315,1
4316,1
4317,2
4318,2
4319,2
4320,1
4321,1
4322,4
4323,3
4324,2
4325,2
4326,2
4327,1
4328,1
4329,1
4330,4
4331,4
4332,3
4333,4
4334,1
4335,3
4336,1
4337,4
4338,1
4339,2
4340,3
4341,4
4342,1
4343,4
4344,1
4345,1
4346,4
4347,3
4348,2
4349,1
4350,4
4351,4
4352,4
4353,3
4354,1
4355,2
4356,1
4357,2
4358,3
4359,1
4360,3
4361,3
4362,2
4363,3
4364,1
4365,3
4366,4
4367,2
4368,2
4369,3
4370,1
4371,3
4372,2
4373,3
4374,4
4375,2
4376,2
4377,4
4378,3
4379,2
4380,2
4381,2
4382,4
4383,4
4384,3
4385,3
4386,4
4387,2
4388,3
4389,2
4390,4
4391,2
4392,1
4393,3
4394,2
4395,3
4396,2
4397,1
4398,1
4399,4
4400,3
4401,4
4402,3
4403,4
4404,1
4405,3
4406,2
4407,3
4408,4
4409,4
4410,3
4411,4
4412,4
4413,2
4414,4
4415,3
4416,4
4417,4
4418,3
4419,3
4420,1
4421,2
4422,2
4423,1
4424,4
4425,2
4426,3
4427,2
4428,1
4429,2
4430,1
4431,2
4432,4
4433,1
4434,1
4435,3
4436,4
4437,1
4438,4
4439,4
4440,2
4441,1
4442,4
4443,2
4444,4
4445,2
4446,2
4447,1
4448,4
4449,4
4450,3
4451,2
4452,4
4453,1
4454,4
4455,3
4456,3
4457,1
4458,4
4459,4
4460,1
4461,3
4462,3
4463,2
4464,3
4465,4
4466,4
4467,3
4468,4
4469,2
4470,2
4471,1
4472,2
4473,3
4474,2
4475,3
4476,1
4477,3
4478,4
4479,1
4480,3
4481,4
4482,1
4483,4
4484,4
4485,1
4486,4
4487,2
4488,2
4489,2
4490,4
4491,3
4492,1
4493,4
4494,4
4495,4
4496,3
4497,2
4498,3
4499,2
4500,2
4501,2
4502,4
4503,4
4504,3
4505,3
4506,2
4507,1
4508,3
4509,1
4510,3
4511,1
4512,1
4513,4
4514,1
4515,3
4516,4
4517,3
4518,1
4519,3
4520,4
4521,4
4522,1
4523,3
4524,4
4525,4
4526,3
4527,2
4528,2
4529,3
4530,1
4531,1
4532,3
4533,4
4534,2
4535,1
4536,3
4537,4
4538,3
4539,1
4540,4
4541,2
4542,4
4543,1
4544,1
4545,1
4546,2
4547,2
4548,3
4549,4
4550,3
4551,4
4552,3
4553,3
4554,3
4555,4
4556,4
4557,1
4558,4
4559,1
4560,3
4561,4
4562,1
4563,2
4564,3
4565,4
4566,2
4567,2
4568,2
4569,4
4570,2
4571,4
4572,3
4573,3
4574,1
4575,1
4576,3
4577,3
4578,4
4579,4
4580,2
4581,3
4582,1
4583,2
4584,3
4585,4
4586,2
4587,2
4588,2
4589,2
4590,1
4591,2
4592,2
4593,4
4594,2
4595,2
4596,4
4597,2
4598,2
4599,4
4600,4
4601,2
4602,3
4603,2
4604,2
4605,3
4606,3
4607,4
4608,3
4609,3
4610,3
4611,3
4612,1
4613,3
4614,1
4615,4
4616,1
4617,2
4618,2
4619,2
4620,2
4621,3
4622,3
4623,2
4624,4
4625,3
4626,2
4627,2
4628,1
4629,3
4630,4
4631,4
4632,2
4633,2
4634,1
4635,1
4636,1
4637,1
4638,1
4639,1
4640,2
4641,3
4642,4
4643,3
4644,4
4645,3
4646,4
4647,4
4648,4
4649,3
4650,1
4651,1
4652,1
4653,3
4654,3
4655,1
4656,3
4657,1
4658,3
4659,1
4660,2
4661,3
4662,4
4663,3
4664,1
4665,4
4666,4
4667,1
4668,3
4669,3
4670,4
4671,1
4672,4
4673,1
4674,1
4675,1
4676,4
4677,4
4678,4
4679,3
4680,4
4681,3
4682,2
4683,2
4684,3
4685,4
4686,2
4687,3
4688,1
4689,2
4690,4
4691,1
4692,1
4693,1
4694,1
4695,4
4696,3
4697,2
4698,4
4699,3
4700,3
4701,4
4702,2
4703,3
4704,1
4705,3
4706,4
4707,3
4708,3
4709,3
4710,2
4711,2
4712,1
4713,2
4714,1
4715,3
4716,2
4717,4
4718,1
4719,4
4720,2
4721,1
4722,2
4723,2
4724,1
4725,3
4726,1
4727,2
4728,2
4729,2
4730,4
4731,4
4732,3
4733,4
4734,4
4735,2
4736,1
4737,4
4738,3
4739,4
4740,1
4741,1
4742,1
4743,2
4744,2
4745,1
4746,1
4747,2
4748,4
4749,2
4750,4
4751,2
4752,2
4753,2
4754,4
4755,2
4756,4
4757,4
4758,3
4759,3
4760,1
4761,3
4762,4
4763,4
4764,3
4765,2
4766,4
4767,3
4768,3
4769,3
4770,2
4771,2
4772,2
4773,1
4774,4
4775,3
4776,2
4777,3
4778,1
4779,3
4780,3
4781,4
4782,4
4783,4
4784,4
4785,3
4786,1
4787,3
4788,4
4789,1
4790,1
4791,2
4792,4
4793,1
4794,3
4795,2
4796,3
4797,1
4798,3
4799,2
4800,3
4801,1
4802,3
4803,3
4804,3
4805,1
4806,1
4807,1
4808,1
4809,2
4810,4
4811,3
4812,2
4813,4
4814,4
4815,2
4816,2
4817,4
4818,4
4819,4
4820,2
4821,4
4822,4
4823,1
4824,2
4825,2
4826,4
4827,3
4828,3
4829,3
4830,4
4831,1
4832,2
4833,4
4834,1
4835,1
4836,1
4837,1
4838,2
4839,3
4840,1
4841,3
4842,1
4843,4
4844,3
4845,3
4846,2
4847,3
4848,3
4849,4
4850,2
4851,3
4852,1
4853,3
4854,2
4855,3
4856,3
4857,1
4858,2
4859,2
4860,2
4861,3
4862,3
4863,2
4864,2
4865,3
4866,2
4867,1
4868,2
4869,2
4870,3
4871,3
4872,4
4873,1
4874,3
4875,2
4876,4
4877,3
4878,2
4879,1
4880,2
4881,1
4882,4
4883,4
4884,2
4885,2
4886,1
4887,4
4888,2
4889,2
4890,3
4891,2
4892,3
4893,4
4894,4
4895,1
4896,3
4897,4
4898,4
4899,4
4900,4
4901,4
4902,4
4903,4
4904,2
4905,2
4906,2
4907,1
4908,1
4909,1
4910,1
4911,2
4912,1
4913,4
4914,3
4915,4
4916,1
4917,3
4918,2
4919,2
4920,4
4921,3
4922,3
4923,1
4924,1
4925,3
4926,3
4927,4
4928,3
4929,3
4930,1
4931,4
4932,1
4933,2
4934,2
4935,4
4936,4
4937,2
4938,4
4939,4
4940,4
4941,4
4942,2
4943,1
4944,1
4945,4
4946,2
4947,4
4948,2
4949,1
4950,1
4951,3
4952,3
4953,1
4954,3
4955,4
4956,1
4957,3
4958,1
4959,1
4960,3
4961,4
4962,4
4963,2
4964,3
4965,2
4966,4
4967,1
4968,1
4969,4
4970,4
4971,3
4972,3
4973,1
4974,4
4975,2
4976,3
4977,1
4978,4
4979,3
4980,1
4981,4
4982,1
4983,4
4984,2
4985,4
4986,4
4987,3
4988,3
4989,3
4990,1
4991,4
4992,3
4993,2
4994,3
4995,2
4996,2
4997,4
4998,2
4999,2
5000,1
5001,2
5002,2
5003,1
5004,3
5005,4
5006,4
5007,3
5008,2
5009,1
5010,4
5011,2
5012,2
5013,3
5014,1
5015,4
5016,3
5017,1
5018,1
5019,2
5020,2
5021,4
5022,1
5023,3
5024,3
5025,4
5026,4
5027,2
5028,1
5029,1
5030,3
5031,1
5032,1
5033,3
5034,4
5035,4
5036,3
5037,1
5038,3
5039,3
5040,1
5041,3
5042,1
5043,1
5044,2
5045,1
5046,4
5047,2
5048,2
5049,2
5050,1
5051,1
5052,4
5053,2
5054,3
5055,4
5056,2
5057,1
5058,1
5059,3
5060,4
5061,4
5062,2
5063,2
5064,3
5065,2
5066,4
5067,2
5068,3
5069,3
5070,4
5071,2
5072,4
5073,3
5074,4
5075,3
5076,1
5077,3
5078,2
5079,1
5080,1
5081,2
5082,3
5083,4
5084,2
5085,3
5086,4
5087,3
5088,3
5089,1
5090,1
5091,4
5092,2
5093,2
5094,2
5095,3
5096,3
5097,3
5098,4
5099,1
5100,2
5101,1
5102,4
5103,1
5104,3
5105,2
5106,2
5107,2
5108,2
5109,4
5110,4
5111,4
5112,1
5113,3
5114,1
5115,3
5116,4
5117,3
5118,2
5119,4
5120,3
5121,1
5122,4
5123,1
5124,4
5125,2
5126,3
5127,2
5128,4
5129,4
5130,2
5131,2
5132,2
5133,3
5134,1
5135,4
5136,4
5137,1
5138,4
5139,2
5140,1
5141,3
5142,4
5143,4
5144,3
5145,2
5146,3
5147,2
5148,1
5149,3
5150,2
5151,4
5152,1
5153,1
5154,3
5155,1
5156,2
5157,1
5158,2
5159,3
5160,4
5161,4
5162,1
5163,4
5164,1
5165,2
5166,1
5167,2
5168,3
5169,3
5170,3
5171,2
5172,1
5173,4
5174,2
5175,3
5176,1
5177,3
5178,4
5179,3
5180,2
5181,3
5182,2
5183,3
5184,2
5185,4
5186,3
5187,2
5188,2
5189,4
5190,3
5191,1
5192,1
5193,1
5194,1
5195,2
5196,4
5197,4
5198,1
5199,4
5200,1
5201,2
5202,1
5203,2
5204,3
5205,3
5206,2
5207,4
5208,1
5209,2
5210,3
5211,3
5212,2
5213,3
5214,3
5215,3
5216,1
5217,1
5218,1
5219,3
5220,2
5221,3
5222,2
5223,3
5224,4
5225,1
5226,3
5227,3
5228,1
5229,4
5230,3
5231,1
5232,1
5233,1
5234,3
5235,1
5236,1
5237,3
5238,4
5239,4
5240,3
5241,4
5242,3
5243,3
5244,2
5245,1
5246,4
5247,1
5248,4
5249,2
5250,4
5251,3
5252,1
5253,3
5254,2
5255,1
5256,2
5257,1
5258,4
5259,2
5260,3
5261,2
5262,1
5263,4
5264,4
5265,3
5266,3
5267,4
5268,4
5269,4
5270,3
5271,3
5272,1
5273,2
5274,2
5275,2
5276,3
5277,4
5278,4
5279,2
5280,2
5281,3
5282,3
5283,3
5284,4
5285,1
5286,1
5287,1
5288,3
5289,2
5290,1
5291,1
5292,1
5293,2
5294,2
5295,1
5296,3
5297,1
5298,1
5299,1
5300,4
5301,2
5302,1
5303,4
5304,4
5305,1
5306,3
5307,3
5308,3
5309,4
5310,2
5311,4
5312,4
5313,1
5314,2
5315,3
5316,3
5317,2
5318,3
5319,2
5320,1
5321,3
5322,2
5323,2
5324,2
5325,3
5326,3
5327,2
5328,2
5329,1
5330,1
5331,3
5332,3
5333,1
5334,3
5335,3
5336,1
5337,1
5338,2
5339,2
5340,4
5341,1
5342,1
5343,3
5344,1
5345,1
5346,2
5347,1
5348,2
5349,2
5350,4
5351,3
5352,3
5353,3
5354,1
5355,2
5356,3
5357,2
5358,2
5359,2
5360,3
5361,2
5362,3
5363,4
5364,1
5365,4
5366,3
5367,4
5368,4
5369,4
5370,3
5371,3
5372,1
5373,4
5374,1
5375,1
5376,4
5377,3
5378,2
5379,3
5380,1
5381,2
5382,3
5383,3
5384,3
5385,3
5386,2
5387,3
5388,4
5389,4
5390,1
5391,3
5392,2
5393,1
5394,4
5395,3
5396,3
5397,4
5398,3
5399,3
5400,4
5401,1
5402,2
5403,1
5404,2
5405,1
5406,3
5407,4
5408,2
5409,4
5410,3
5411,3
5412,2
5413,2
5414,4
5415,2
5416,4
5417,4
5418,4
5419,4
5420,4
5421,4
5422,3
5423,3
5424,4
5425,1
5426,4
5427,1
5428,1
5429,1
5430,1
5431,4
5432,2
5433,1
5434,2
5435,1
5436,1
5437,1
5438,4
5439,4
5440,1
5441,2
5442,4
5443,2
5444,4
5445,2
5446,2
5447,4
5448,3
5449,2
5450,4
5451,4
5452,3
5453,2
5454,3
5455,1
5456,1
5457,4
5458,3
5459,1
5460,4
5461,4
5462,2
5463,4
5464,2
5465,4
5466,1
5467,3
5468,1
5469,4
5470,1
5471,1
5472,2
5473,3
5474,2
5475,2
5476,3
5477,4
5478,1
5479,4
5480,2
5481,3
5482,1
5483,4
5484,4
5485,2
5486,1
5487,4
5488,4
5489,1
5490,1
5491,2
5492,3
5493,1
5494,3
5495,3
5496,3
5497,1
5498,1
5499,1
5500,1
5501,2
5502,2
5503,1
5504,1
5505,3
5506,3
5507,4
5508,1
5509,3
5510,2
5511,3
5512,3
5513,3
5514,4
5515,2
5516,3
5517,3
5518,2
5519,1
5520,4
5521,1
5522,2
5523,3
5524,4
5525,4
5526,2
5527,2
5528,4
5529,3
5530,4
5531,1
5532,4
5533,4
5534,3
5535,3
5536,3
5537,2
5538,1
5539,4
5540,2
5541,4
5542,2
5543,4
5544,2
5545,2
5546,1
5547,1
5548,3
5549,4
5550,4
5551,4
5552,3
5553,2
5554,4
5555,4
5556,4
5557,1
5558,1
5559,4
5560,4
5561,2
5562,1
5563,3
5564,2
5565,2
5566,4
5567,4
5568,3
5569,2
5570,4
5571,3
5572,1
5573,1
5574,2
5575,3
5576,1
5577,3
5578,4
5579,3
5580,2
5581,3
5582,4
5583,3
5584,2
5585,4
5586,3
5587,3
5588,1
5589,2
5590,2
5591,3
5592,2
5593,3
5594,1
5595,1
5596,4
5597,3
5598,3
5599,1
5600,2
5601,3
5602,2
5603,4
5604,3
5605,4
5606,3
5607,3
5608,1
5609,4
5610,4
5611,1
5612,4
5613,3
5614,1
5615,2
5616,2
5617,4
5618,3
5619,2
5620,4
5621,3
5622,3
5623,3
5624,2
5625,3
5626,4
5627,2
5628,4
5629,3
5630,2
5631,3
5632,1
5633,1
5634,2
5635,3
5636,3
5637,3
5638,3
5639,3
5640,2
5641,2
5642,2
5643,4
5644,3
5645,2
5646,3
5647,1
5648,3
5649,2
5650,2
5651,3
5652,1
5653,4
5654,1
5655,3
5656,4
5657,2
5658,4
5659,4
5660,4
5661,2
5662,1
5663,3
5664,4
5665,2
5666,2
5667,2
5668,1
5669,4
5670,4
5671,1
5672,1
5673,3
5674,2
5675,1
5676,4
5677,1
5678,2
5679,2
5680,3
5681,1
5682,3
5683,2
5684,1
5685,1
5686,4
5687,1
5688,2
5689,3
5690,1
5691,2
5692,1
5693,2
5694,2
5695,4
5696,4
5697,2
5698,1
5699,2
5700,4
5701,1
5702,1
5703,4
5704,3
5705,3
5706,4
5707,4
5708,1
5709,3
5710,2
5711,4
5712,3
5713,1
5714,1
5715,4
5716,3
5717,3
5718,3
5719,1
5720,2
5721,3
5722,1
5723,3
5724,4
5725,1
5726,3
5727,3
5728,2
5729,1
5730,1
5731,3
5732,2
5733,4
5734,4
5735,2
5736,2
5737,3
5738,2
5739,4
5740,2
5741,1
5742,4
5743,1
5744,2
5745,3
5746,4
5747,4
5748,1
5749,3
5750,2
5751,3
5752,2
5753,3
5754,1
5755,3
5756,2
5757,3
5758,3
5759,3
5760,2
5761,2
5762,4
5763,3
5764,3
5765,4
5766,4
5767,4
5768,1
5769,3
5770,4
5771,3
5772,4
5773,1
5774,1
5775,2
5776,3
5777,3
5778,1
5779,4
5780,4
5781,2
5782,2
5783,1
5784,3
5785,2
5786,2
5787,2
5788,4
5789,3
5790,4
5791,3
5792,4
5793,3
5794,3
5795,2
5796,4
5797,4
5798,2
5799,2
5800,1
5801,3
5802,3
5803,2
5804,4
5805,3
5806,3
5807,4
5808,3
5809,2
5810,3
5811,1
5812,2
5813,2
5814,2
5815,4
5816,3
5817,4
5818,2
5819,4
5820,4
5821,1
5822,2
5823,1
5824,4
5825,4
5826,1
5827,2
5828,4
5829,4
5830,2
5831,2
5832,2
5833,2
5834,3
5835,2
5836,4
5837,2
5838,1
5839,1
5840,3
5841,3
5842,1
5843,2
5844,2
5845,3
5846,3
5847,2
5848,4
5849,2
5850,2
5851,4
5852,3
5853,2
5854,3
5855,3
5856,4
5857,3
5858,3
5859,1
5860,1
5861,2
5862,1
5863,1
5864,1
5865,2
5866,3
5867,4
5868,2
5869,3
5870,1
5871,2
5872,4
5873,1
5874,4
5875,2
5876,1
5877,3
5878,2
5879,2
5880,4
5881,4
5882,2
5883,4
5884,4
5885,2
5886,3
5887,1
5888,3
5889,3
5890,1
5891,3
5892,4
5893,4
5894,2
5895,4
5896,2
5897,2
5898,1
5899,2
5900,2
5901,4
5902,3
5903,1
5904,2
5905,3
5906,4
5907,3
5908,4
5909,4
5910,3
5911,1
5912,1
5913,4
5914,3
5915,3
5916,3
5917,1
5918,3
5919,2
5920,3
5921,1
5922,2
5923,4
5924,1
5925,2
5926,4
5927,4
5928,4
5929,2
5930,4
5931,3
5932,1
5933,4
5934,1
5935,3
5936,2
5937,1
5938,4
5939,1
5940,3
5941,4
5942,2
5943,2
5944,3
5945,3
5946,1
5947,1
5948,4
5949,1
5950,3
5951,2
5952,3
5953,2
5954,3
5955,4
5956,1
5957,1
5958,2
5959,2
5960,3
5961,1
5962,4
5963,4
5964,2
5965,4
5966,4
5967,4
5968,3
5969,3
5970,1
5971,4
5972,1
5973,1
5974,1
5975,4
5976,3
5977,2
5978,3
5979,4
5980,3
5981,1
5982,1
5983,2
5984,2
5985,2
5986,4
5987,1
5988,1
5989,4
5990,4
5991,4
5992,2
5993,4
5994,1
5995,4
5996,3
5997,4
5998,2
5999,1
6000,1
6001,3
6002,4
6003,1
6004,1
6005,4
6006,3
6007,3
6008,1
6009,3
6010,2
6011,2
6012,4
6013,4
6014,1
6015,2
6016,1
6017,1
6018,1
6019,2
6020,3
6021,2
6022,4
6023,4
6024,2
6025,4
6026,1
6027,3
6028,1
6029,2
6030,4
6031,3
6032,3
6033,3
6034,4
6035,3
6036,4
6037,2
6038,3
6039,1
6040,4
6041,1
6042,3
6043,1
6044,4
6045,3
6046,4
6047,4
6048,4
6049,3
6050,3
6051,3
6052,3
6053,1
6054,4
6055,2
6056,1
6057,2
6058,2
6059,4
6060,2
6061,2
6062,3
6063,3
6064,2
6065,1
6066,1
6067,4
6068,4
6069,2
6070,2
6071,1
6072,4
6073,2
6074,1
6075,4
6076,2
6077,1
6078,1
6079,2
6080,3
6081,1
6082,4
6083,3
6084,3
6085,3
6086,1
6087,2
6088,1
6089,1
6090,3
6091,3
6092,4
6093,4
6094,4
6095,2
6096,3
6097,3
6098,4
6099,3
6100,2
6101,3
6102,3
6103,3
6104,2
6105,1
6106,3
6107,1
6108,1
6109,3
6110,4
6111,2
6112,2
6113,3
6114,2
6115,3
6116,1
6117,2
6118,1
6119,1
6120,3
6121,2
6122,3
6123,1
6124,3
6125,1
6126,3
6127,1
6128,2
6129,2
6130,2
6131,1
6132,2
6133,3
6134,1
6135,1
6136,2
6137,3
6138,3
6139,4
6140,1
6141,3
6142,4
6143,3
6144,3
6145,4
6146,1
6147,3
6148,4
6149,2
6150,4
6151,4
6152,2
6153,2
6154,3
6155,3
6156,3
6157,4
6158,2
6159,1
6160,2
6161,2
6162,2
6163,2
6164,4
6165,4
6166,3
6167,2
6168,1
6169,2
6170,2
6171,3
6172,1
6173,4
6174,1
6175,2
6176,1
6177,1
6178,1
6179,2
6180,1
6181,1
6182,4
6183,3
6184,3
6185,3
6186,1
6187,1
6188,2
6189,2
6190,2
6191,3
6192,1
6193,4
6194,1
6195,2
6196,1
6197,1
6198,4
6199,2
6200,2
6201,3
6202,4
6203,4
6204,4
6205,1
6206,3
6207,4
6208,3
6209,2
6210,1
6211,1
6212,4
6213,1
6214,3
6215,2
6216,2
6217,3
6218,2
6219,1
6220,3
6221,2
6222,2
6223,2
6224,3
6225,3
6226,4
6227,3
6228,1
6229,2
6230,2
6231,3
6232,2
6233,1
6234,3
6235,1
6236,2
6237,3
6238,3
6239,3
6240,3
6241,1
6242,1
6243,2
6244,1
6245,2
6246,1
6247,1
6248,1
6249,1
6250,3
6251,4
6252,3
6253,4
6254,4
6255,2
6256,4
6257,4
6258,4
6259,2
6260,4
6261,4
6262,4
6263,3
6264,4
6265,4
6266,3
6267,1
6268,2
6269,4
6270,4
6271,4
6272,4
6273,2
6274,3
6275,4
6276,3
6277,1
6278,3
6279,1
6280,3
6281,1
6282,3
6283,1
6284,2
6285,2
6286,3
6287,1
6288,3
6289,1
6290,1
6291,2
6292,2
6293,1
6294,1
6295,4
6296,2
6297,4
6298,1
6299,2
6300,3
6301,3
6302,1
6303,1
6304,2
6305,2
6306,3
6307,1
6308,4
6309,3
6310,2
6311,2
6312,1
6313,2
6314,1
6315,4
6316,3
6317,2
6318,2
6319,1
6320,4
6321,4
6322,4
6323,1
6324,4
6325,2
6326,3
6327,2
6328,1
6329,2
6330,3
6331,3
6332,1
6333,2
6334,2
6335,4
6336,1
6337,2
6338,1
6339,1
6340,4
6341,3
6342,2
6343,1
6344,4
6345,3
6346,1
6347,1
6348,2
6349,4
6350,1
6351,2
6352,4
6353,2
6354,4
6355,2
6356,2
6357,2
6358,1
6359,4
6360,1
6361,2
6362,3
6363,1
6364,4
6365,2
6366,2
6367,2
6368,2
6369,2
6370,3
6371,2
6372,4
6373,3
6374,1
6375,4
6376,3
6377,3
6378,1
6379,4
6380,3
6381,3
6382,3
6383,1
6384,3
6385,1
6386,4
6387,2
6388,1
6389,1
6390,2
6391,3
6392,3
6393,4
6394,1
6395,3
6396,4
6397,1
6398,4
6399,2
6400,4
6401,1
6402,4
6403,1
6404,4
6405,1
6406,2
6407,2
6408,2
6409,4
6410,3
6411,3
6412,2
6413,1
6414,2
6415,3
6416,4
6417,1
6418,4
6419,1
6420,4
6421,2
6422,4
6423,1
6424,1
6425,1
6426,3
6427,2
6428,1
6429,3
6430,4
6431,1
6432,2
6433,2
6434,2
6435,2
6436,4
6437,1
6438,3
6439,3
6440,3
6441,2
6442,3
6443,2
6444,2
6445,3
6446,2
6447,3
6448,4
6449,2
6450,3
6451,1
6452,3
6453,2
6454,1
6455,4
6456,2
6457,2
6458,3
6459,1
6460,2
6461,2
6462,2
6463,3
6464,2
6465,1
6466,1
6467,1
6468,2
6469,3
6470,1
6471,1
6472,3
6473,1
6474,2
6475,3
6476,4
6477,4
6478,1
6479,1
6480,1
6481,3
6482,3
6483,3
6484,4
6485,3
6486,1
6487,4
6488,3
6489,1
6490,2
6491,2
6492,2
6493,2
6494,3
6495,2
6496,1
6497,1
6498,1
6499,4
6500,2
6501,4
6502,1
6503,2
6504,3
6505,3
6506,1
6507,1
6508,2
6509,4
6510,3
6511,1
6512,4
6513,3
6514,1
6515,4
6516,1
6517,3
6518,1
6519,2
6520,1
6521,1
6522,4
6523,3
6524,1
6525,4
6526,3
6527,3
6528,1
6529,2
6530,3
6531,1
6532,3
6533,1
6534,4
6535,4
6536,2
6537,3
6538,3
6539,3
6540,4
6541,3
6542,2
6543,2
6544,1
6545,2
6546,2
6547,1
6548,1
6549,3
6550,3
6551,2
6552,1
6553,1
6554,3
6555,3
6556,1
6557,1
6558,1
6559,4
6560,1
6561,2
6562,2
6563,2
6564,3
6565,4
6566,2
6567,1
6568,3
6569,4
6570,2
6571,4
6572,2
6573,3
6574,3
6575,2
6576,2
6577,3
6578,4
6579,1
6580,2
6581,1
6582,4
6583,1
6584,3
6585,1
6586,1
6587,3
6588,1
6589,1
6590,4
6591,4
6592,2
6593,1
6594,2
6595,1
6596,2
6597,4
6598,2
6599,2
6600,4
6601,4
6602,2
6603,3
6604,3
6605,4
6606,2
6607,1
6608,2
6609,4
6610,4
6611,2
6612,1
6613,4
6614,2
6615,4
6616,3
6617,1
6618,1
6619,1
6620,3
6621,4
6622,2
6623,2
6624,1
6625,4
6626,1
6627,1
6628,2
6629,2
6630,4
6631,1
6632,4
6633,3
6634,4
6635,2
6636,1
6637,3
6638,1
6639,1
6640,3
6641,2
6642,4
6643,3
6644,4
6645,4
6646,1
6647,2
6648,3
6649,1
6650,1
6651,1
6652,4
6653,3
6654,4
6655,3
6656,1
6657,4
6658,4
6659,3
6660,4
6661,3
6662,1
6663,2
6664,1
6665,3
6666,3
6667,4
6668,3
6669,3
6670,2
6671,3
6672,4
6673,3
6674,3
6675,2
6676,2
6677,1
6678,3
6679,3
6680,3
6681,3
6682,3
6683,1
6684,2
6685,3
6686,1
6687,3
6688,3
6689,3
6690,1
6691,4
6692,2
6693,2
6694,2
6695,1
6696,2
6697,4
6698,3
6699,3
6700,4
6701,1
6702,2
6703,2
6704,1
6705,4
6706,2
6707,4
6708,3
6709,2
6710,1
6711,2
6712,2
6713,3
6714,1
6715,1
6716,3
6717,2
6718,2
6719,4
6720,4
6721,2
6722,3
6723,3
6724,1
6725,4
6726,1
6727,1
6728,1
6729,1
6730,3
6731,2
6732,3
6733,3
6734,2
6735,3
6736,2
6737,1
6738,3
6739,4
6740,2
6741,3
6742,2
6743,1
6744,1
6745,1
6746,4
6747,2
6748,2
6749,2
6750,1
6751,3
6752,2
6753,3
6754,4
6755,4
6756,1
6757,2
6758,3
6759,2
6760,1
6761,1
6762,2
6763,2
6764,4
6765,1
6766,4
6767,3
6768,1
6769,2
6770,4
6771,3
6772,1
6773,1
6774,4
6775,1
6776,1
6777,3
6778,1
6779,3
6780,1
6781,4
6782,2
6783,1
6784,4
6785,4
6786,2
6787,3
6788,3
6789,3
6790,3
6791,1
6792,1
6793,1
6794,1
6795,3
6796,3
6797,2
6798,2
6799,3
6800,2
6801,3
6802,1
6803,3
6804,3
6805,1
6806,4
6807,3
6808,4
6809,2
6810,2
6811,4
6812,2
6813,1
6814,3
6815,4
6816,2
6817,3
6818,2
6819,1
6820,2
6821,4
6822,4
6823,3
6824,1
6825,1
6826,3
6827,3
6828,1
6829,1
6830,2
6831,4
6832,2
6833,2
6834,4
6835,2
6836,1
6837,4
6838,2
6839,1
6840,4
6841,1
6842,2
6843,3
6844,3
6845,3
6846,2
6847,3
6848,4
6849,1
6850,2
6851,2
6852,4
6853,2
6854,1
6855,4
6856,3
6857,2
6858,2
6859,3
6860,4
6861,3
6862,4
6863,1
6864,3
6865,4
6866,1
6867,3
6868,3
6869,2
6870,4
6871,3
6872,4
6873,4
6874,3
6875,4
6876,1
6877,4
6878,4
6879,2
6880,3
6881,2
6882,1
6883,4
6884,2
6885,2
6886,4
6887,2
6888,3
6889,2
6890,4
6891,1
6892,1
6893,1
6894,3
6895,4
6896,2
6897,3
6898,3
6899,4
6900,2
6901,4
6902,2
6903,3
6904,4
6905,2
6906,2
6907,1
6908,4
6909,1
6910,4
6911,4
6912,3
6913,1
6914,2
6915,4
6916,1
6917,2
6918,3
6919,4
6920,4
6921,1
6922,1
6923,3
6924,2
6925,2
6926,2
6927,1
6928,3
6929,2
6930,1
6931,4
6932,1
6933,3
6934,3
6935,2
6936,4
6937,4
6938,2
6939,1
6940,2
6941,1
6942,1
6943,4
6944,2
6945,2
6946,2
6947,3
6948,2
6949,3
6950,4
6951,1
6952,4
6953,3
6954,1
6955,4
6956,3
6957,3
6958,4
6959,1
6960,3
6961,3
6962,4
6963,3
6964,4
6965,3
6966,4
6967,3
6968,4
6969,3
6970,3
6971,2
6972,2
6973,2
6974,1
6975,1
6976,3
6977,4
6978,3
6979,2
6980,1
6981,4
6982,3
6983,2
6984,2
6985,4
6986,4
6987,3
6988,2
6989,4
6990,2
6991,1
6992,1
6993,4
6994,3
6995,4
6996,4
6997,2
6998,3
6999,2
7000,1
7001,4
7002,1
7003,3
7004,1
7005,2
7006,3
7007,4
7008,4
7009,3
7010,1
7011,4
7012,1
7013,3
7014,1
7015,1
7016,3
7017,2
7018,2
7019,1
7020,1
7021,4
7022,1
7023,2
7024,4
7025,4
7026,3
7027,2
7028,4
7029,3
7030,1
7031,3
7032,3
7033,3
7034,2
7035,2
7036,4
7037,3
7038,4
7039,1
7040,2
7041,4
7042,4
7043,3
7044,2
7045,2
7046,4
7047,3
7048,4
7049,2
7050,4
7051,2
7052,2
7053,4
7054,2
7055,1
7056,3
7057,1
7058,4
7059,3
7060,2
7061,2
7062,3
7063,1
7064,1
7065,3
7066,1
7067,4
7068,3
7069,2
7070,4
7071,4
7072,2
7073,2
7074,1
7075,2
7076,4
7077,1
7078,4
7079,4
7080,3
7081,4
7082,4
7083,1
7084,3
7085,4
7086,2
7087,1
7088,4
7089,4
7090,1
7091,4
7092,4
7093,3
7094,4
7095,4
7096,1
7097,4
7098,1
7099,1
7100,2
7101,3
7102,4
7103,4
7104,4
7105,1
7106,1
7107,1
7108,3
7109,2
7110,1
7111,4
7112,3
7113,4
7114,4
7115,1
7116,1
7117,4
7118,1
7119,2
7120,4
7121,1
7122,4
7123,1
7124,4
7125,3
7126,4
7127,4
7128,1
7129,1
7130,4
7131,2
7132,4
7133,4
7134,4
7135,4
7136,4
7137,2
7138,4
7139,3
7140,2
7141,2
7142,1
7143,3
7144,3
7145,1
7146,4
7147,4
7148,4
7149,2
7150,2
7151,4
7152,3
7153,3
7154,4
7155,1
7156,2
7157,2
7158,2
7159,3
7160,4
7161,1
7162,4
7163,2
7164,4
7165,2
7166,1
7167,1
7168,4
7169,3
7170,2
7171,3
7172,4
7173,2
7174,2
7175,1
7176,1
7177,3
7178,2
7179,3
7180,3
7181,3
7182,4
7183,2
7184,2
7185,3
7186,1
7187,3
7188,1
7189,2
7190,3
7191,4
7192,1
7193,4
7194,2
7195,1
7196,4
7197,3
7198,1
7199,3
7200,2
7201,3
7202,1
7203,1
7204,1
7205,3
7206,2
7207,3
7208,4
7209,2
7210,1
7211,1
7212,1
7213,2
7214,3
7215,1
7216,3
7217,3
7218,3
7219,1
7220,1
7221,4
7222,3
7223,3
7224,2
7225,2
7226,1
7227,2
7228,3
7229,3
7230,1
7231,2
7232,1
7233,4
7234,1
7235,3
7236,3
7237,3
7238,1
7239,2
7240,2
7241,1
7242,4
7243,3
7244,1
7245,3
7246,2
7247,1
7248,3
7249,3
7250,1
7251,2
7252,1
7253,1
7254,1
7255,2
7256,2
7257,4
7258,4
7259,3
7260,4
7261,4
7262,4
7263,4
7264,4
7265,2
7266,4
7267,2
7268,3
7269,4
7270,3
7271,3
7272,4
7273,2
7274,2
7275,3
7276,4
7277,3
7278,4
7279,4
7280,1
7281,1
7282,1
7283,2
7284,3
7285,1
7286,4
7287,1
7288,1
7289,1
7290,1
7291,1
7292,2
7293,4
7294,4
7295,3
7296,3
7297,2
7298,2
7299,3
7300,2
7301,1
7302,1
7303,3
7304,3
7305,3
7306,2
7307,2
7308,1
7309,2
7310,4
7311,1
7312,1
7313,3
7314,1
7315,4
7316,4
7317,2
7318,1
7319,2
7320,1
7321,3
7322,3
7323,1
7324,4
7325,2
7326,2
7327,2
7328,4
7329,2
7330,1
7331,1
7332,2
7333,2
7334,3
7335,2
7336,4
7337,4
7338,1
7339,1
7340,3
7341,4
7342,2
7343,3
7344,2
7345,4
7346,2
7347,4
7348,4
7349,3
7350,4
7351,2
7352,4
7353,1
7354,4
7355,3
7356,2
7357,2
7358,4
7359,3
7360,3
7361,1
7362,2
7363,2
7364,1
7365,4
7366,1
7367,1
7368,2
7369,3
7370,2
7371,4
7372,3
7373,3
7374,3
7375,4
7376,4
7377,3
7378,4
7379,4
7380,3
7381,1
7382,1
7383,2
7384,3
7385,2
7386,1
7387,3
7388,4
7389,2
7390,1
7391,2
7392,2
7393,2
7394,3
7395,3
7396,2
7397,1
7398,1
7399,3
7400,4
7401,2
7402,4
7403,4
7404,3
7405,2
7406,1
7407,3
7408,2
7409,3
7410,3
7411,1
7412,3
7413,2
7414,2
7415,1
7416,2
7417,2
7418,4
7419,3
7420,3
7421,2
7422,1
7423,1
7424,2
7425,2
7426,3
7427,4
7428,3
7429,1
7430,2
7431,2
7432,1
7433,2
7434,2
7435,1
7436,2
7437,1
7438,1
7439,1
7440,2
7441,4
7442,2
7443,4
7444,3
7445,2
7446,2
7447,3
7448,3
7449,1
7450,3
7451,2
7452,2
7453,3
7454,2
7455,2
7456,3
7457,4
7458,1
7459,2
7460,2
7461,2
7462,4
7463,1
7464,1
7465,2
7466,2
7467,3
7468,3
7469,4
7470,2
7471,2
7472,1
7473,4
7474,3
7475,3
7476,2
7477,2
7478,4
7479,3
7480,2
7481,1
7482,2
7483,4
7484,4
7485,1
7486,2
7487,2
7488,2
7489,4
7490,1
7491,2
7492,1
7493,3
7494,1
7495,2
7496,4
7497,4
7498,2
7499,1
7500,4
7501,3
7502,4
7503,1
7504,4
7505,3
7506,3
7507,2
7508,3
7509,2
7510,4
7511,2
7512,4
7513,2
7514,3
7515,2
7516,1
7517,4
7518,4
7519,4
7520,3
7521,3
7522,2
7523,1
7524,3
7525,4
7526,2
7527,3
7528,3
7529,4
7530,4
7531,4
7532,2
7533,3
7534,1
7535,4
7536,3
7537,3
7538,4
7539,3
7540,3
7541,3
7542,3
7543,3
7544,3
7545,3
7546,1
7547,1
7548,4
7549,3
7550,1
7551,3
7552,2
7553,3
7554,1
7555,2
7556,2
7557,4
7558,3
7559,1
7560,1
7561,2
7562,3
7563,3
7564,3
7565,3
7566,1
7567,1
7568,3
7569,2
7570,3
7571,3
7572,1
7573,2
7574,3
7575,4
7576,4
7577,2
7578,2
7579,3
7580,1
7581,2
7582,4
7583,2
7584,3
7585,1
7586,2
7587,2
7588,4
7589,1
7590,1
7591,2
7592,2
7593,3
7594,1
7595,4
7596,4
7597,4
7598,4
7599,2
7600,1
7601,2
7602,1
7603,1
7604,3
7605,4
7606,1
7607,2
7608,3
7609,4
7610,4
7611,3
7612,4
7613,2
7614,3
7615,1
7616,3
7617,3
7618,4
7619,3
7620,4
7621,1
7622,3
7623,3
7624,4
7625,1
7626,3
7627,3
7628,1
7629,1
7630,2
7631,3
7632,1
7633,1
7634,3
7635,1
7636,2
7637,4
7638,2
7639,2
7640,2
7641,2
7642,3
7643,2
7644,3
7645,4
7646,4
7647,2
7648,1
7649,1
7650,1
7651,2
7652,1
7653,2
7654,2
7655,1
7656,3
7657,3
7658,4
7659,3
7660,1
7661,1
7662,4
7663,1
7664,3
7665,2
7666,4
7667,3
7668,1
7669,4
7670,2
7671,4
7672,4
7673,1
7674,4
7675,3
7676,1
7677,1
7678,4
7679,4
7680,3
7681,1
7682,2
7683,3
7684,4
7685,1
7686,2
7687,2
7688,1
7689,2
7690,1
7691,2
7692,4
7693,2
7694,3
7695,3
7696,1
7697,3
7698,3
7699,1
7700,1
7701,3
7702,1
7703,3
7704,2
7705,4
7706,1
7707,3
7708,3
7709,1
7710,1
7711,2
7712,2
7713,1
7714,4
7715,4
7716,2
7717,2
7718,3
7719,1
7720,1
7721,3
7722,3
7723,2
7724,3
7725,1
7726,4
7727,2
7728,2
7729,3
7730,3
7731,4
7732,1
7733,2
7734,3
7735,3
7736,4
7737,3
7738,4
7739,4
7740,1
7741,3
7742,2
7743,4
7744,4
7745,4
7746,3
7747,3
7748,3
7749,4
7750,1
7751,4
7752,4
7753,1
7754,1
7755,3
7756,1
7757,4
7758,4
7759,2
7760,4
7761,4
7762,1
7763,1
7764,3
7765,2
7766,4
7767,3
7768,2
7769,4
7770,1
7771,2
7772,2
7773,2
7774,4
7775,1
7776,3
7777,4
7778,4
7779,3
7780,3
7781,2
7782,1
7783,4
7784,1
7785,1
7786,3
7787,3
7788,4
7789,3
7790,1
7791,2
7792,4
7793,2
7794,4
7795,4
7796,3
7797,4
7798,2
7799,3
7800,4
7801,3
7802,1
7803,4
7804,2
7805,3
7806,2
7807,1
7808,1
7809,4
7810,3
7811,4
7812,1
7813,4
7814,4
7815,2
7816,4
7817,4
7818,4
7819,4
7820,3
7821,4
7822,4
7823,3
7824,3
7825,2
7826,4
7827,2
7828,1
7829,3
7830,3
7831,2
7832,2
7833,2
7834,3
7835,3
7836,3
7837,4
7838,2
7839,3
7840,3
7841,3
7842,1
7843,1
7844,4
7845,4
7846,2
7847,2
7848,3
7849,1
7850,3
7851,2
7852,2
7853,3
7854,3
7855,3
7856,2
7857,1
7858,4
7859,3
7860,3
7861,1
7862,2
7863,2
7864,3
7865,4
7866,2
7867,2
7868,3
7869,1
7870,2
7871,1
7872,3
7873,3
7874,1
7875,3
7876,1
7877,2
7878,3
7879,2
7880,2
7881,4
7882,4
7883,1
7884,4
7885,4
7886,2
7887,1
7888,4
7889,4
7890,4
7891,4
7892,1
7893,2
7894,3
7895,2
7896,1
7897,4
7898,1
7899,2
7900,4
7901,4
7902,1
7903,3
7904,1
7905,2
7906,3
7907,1
7908,4
7909,1
7910,1
7911,3
7912,3
7913,4
7914,4
7915,2
7916,2
7917,4
7918,3
7919,4
7920,1
7921,4
7922,4
7923,2
7924,1
7925,1
7926,1
7927,1
7928,4
7929,2
7930,1
7931,3
7932,3
7933,4
7934,3
7935,3
7936,2
7937,1
7938,3
7939,1
7940,3
7941,2
7942,4
7943,4
7944,2
7945,4
7946,3
7947,4
7948,1
7949,2
7950,1
7951,4
7952,1
7953,4
7954,2
7955,3
7956,1
7957,3
7958,3
7959,4
7960,3
7961,3
7962,2
7963,2
7964,2
7965,3
7966,4
7967,1
7968,4
7969,2
7970,3
7971,4
7972,1
7973,3
7974,2
7975,4
7976,2
7977,4
7978,2
7979,2
7980,4
7981,3
7982,4
7983,4
7984,2
7985,3
7986,4
7987,3
7988,4
7989,2
7990,4
7991,2
7992,3
7993,4
7994,4
7995,4
7996,4
7997,4
7998,2
7999,2
8000,3
8001,4
8002,4
8003,3
8004,3
8005,2
8006,4
8007,3
8008,3
8009,1
8010,4
8011,2
8012,4
8013,1
8014,4
8015,1
8016,1
8017,3
8018,2
8019,2
8020,3
8021,2
8022,1
8023,1
8024,1
8025,3
8026,3
8027,2
8028,2
8029,3
8030,3
8031,3
8032,2
8033,3
8034,3
8035,1
8036,4
8037,3
8038,1
8039,1
8040,4
8041,1
8042,2
8043,1
8044,2
8045,3
8046,2
8047,4
8048,3
8049,1
8050,4
8051,1
8052,1
8053,4
8054,3
8055,1
8056,2
8057,2
8058,3
8059,2
8060,2
8061,1
8062,2
8063,2
8064,4
8065,4
8066,2
8067,2
8068,4
8069,2
8070,1
8071,4
8072,4
8073,3
8074,2
8075,3
8076,3
8077,4
8078,4
8079,3
8080,4
8081,1
8082,3
8083,2
8084,2
8085,4
8086,3
8087,1
8088,2
8089,2
8090,2
8091,1
8092,1
8093,1
8094,3
8095,1
8096,1
8097,3
8098,1
8099,2
8100,4
8101,1
8102,1
8103,3
8104,4
8105,1
8106,2
8107,2
8108,2
8109,1
8110,1
8111,2
8112,2
8113,3
8114,3
8115,2
8116,2
8117,4
8118,2
8119,3
8120,4
8121,1
8122,3
8123,2
8124,3
8125,4
8126,1
8127,2
8128,2
8129,1
8130,1
8131,2
8132,3
8133,2
8134,1
8135,4
8136,2
8137,2
8138,1
8139,4
8140,4
8141,3
8142,2
8143,2
8144,3
8145,4
8146,3
8147,1
8148,4
8149,2
8150,2
8151,2
8152,1
8153,4
8154,4
8155,1
8156,3
8157,4
8158,1
8159,4
8160,1
8161,4
8162,4
8163,3
8164,2
8165,2
8166,2
8167,3
8168,1
8169,4
8170,3
8171,2
8172,1
8173,1
8174,4
8175,4
8176,4
8177,3
8178,2
8179,1
8180,2
8181,4
8182,1
8183,2
8184,2
8185,3
8186,4
8187,4
8188,4
8189,3
8190,2
8191,3
8192,2
8193,3
8194,2
8195,3
8196,3
8197,3
8198,2
8199,4
8200,2
8201,3
8202,2
8203,1
8204,2
8205,1
8206,1
8207,1
8208,3
8209,3
8210,3
8211,1
8212,4
8213,2
8214,2
8215,1
8216,3
8217,1
8218,2
8219,3
8220,2
8221,2
8222,1
8223,4
8224,1
8225,2
8226,1
8227,2
8228,2
8229,2
8230,1
8231,2
8232,2
8233,1
8234,2
8235,4
8236,3
8237,2
8238,4
8239,2
8240,3
8241,1
8242,1
8243,3
8244,1
8245,3
8246,4
8247,4
8248,3
8249,1
8250,4
8251,2
8252,1
8253,1
8254,2
8255,1
8256,2
8257,3
8258,4
8259,4
8260,3
8261,2
8262,4
8263,3
8264,1
8265,3
8266,3
8267,3
8268,3
8269,3
8270,3
8271,3
8272,2
8273,3
8274,1
8275,3
8276,1
8277,2
8278,3
8279,1
8280,1
8281,1
8282,1
8283,3
8284,1
8285,2
8286,3
8287,4
8288,1
8289,1
8290,2
8291,1
8292,1
8293,3
8294,2
8295,2
8296,3
8297,2
8298,4
8299,1
8300,4
8301,1
8302,3
8303,2
8304,2
8305,2
8306,1
8307,2
8308,1
8309,1
8310,2
8311,4
8312,4
8313,1
8314,1
8315,4
8316,1
8317,1
8318,4
8319,4
8320,1
8321,4
8322,1
8323,1
8324,3
8325,1
8326,4
8327,1
8328,2
8329,2
8330,2
8331,2
8332,1
8333,3
8334,4
8335,3
8336,1
8337,4
8338,2
8339,3
8340,1
8341,1
8342,3
8343,4
8344,2
8345,3
8346,3
8347,2
8348,3
8349,2
8350,3
8351,1
8352,2
8353,1
8354,4
8355,3
8356,3
8357,1
8358,1
8359,4
8360,4
8361,3
8362,4
8363,1
8364,4
8365,3
8366,2
8367,4
8368,4
8369,4
8370,1
8371,2
8372,1
8373,2
8374,4
8375,3
8376,3
8377,1
8378,2
8379,1
8380,1
8381,4
8382,2
8383,2
8384,2
8385,2
8386,3
8387,3
8388,4
8389,1
8390,2
8391,3
8392,1
8393,2
8394,4
8395,4
8396,4
8397,4
8398,4
8399,2
8400,2
8401,1
8402,2
8403,1
8404,3
8405,1
8406,1
8407,2
8408,1
8409,4
8410,1
8411,2
8412,2
8413,3
8414,2
8415,4
8416,4
8417,2
8418,4
8419,1
8420,4
8421,3
8422,3
8423,2
8424,3
8425,2
8426,1
8427,4
8428,3
8429,1
8430,2
8431,4
8432,2
8433,2
8434,1
8435,1
8436,3
8437,3
8438,1
8439,3
8440,2
8441,1
8442,1
8443,3
8444,4
8445,3
8446,1
8447,1
8448,4
8449,1
8450,2
8451,4
8452,4
8453,1
8454,2
8455,4
8456,1
8457,2
8458,4
8459,2
8460,3
8461,2
8462,3
8463,3
8464,3
8465,3
8466,4
8467,4
8468,2
8469,4
8470,3
8471,2
8472,2
8473,1
8474,4
8475,2
8476,4
8477,3
8478,1
8479,2
8480,1
8481,4
8482,4
8483,3
8484,1
8485,4
8486,4
8487,2
8488,2
8489,1
8490,2
8491,2
8492,1
8493,4
8494,4
8495,4
8496,2
8497,1
8498,4
8499,4
8500,2
8501,1
8502,4
8503,2
8504,4
8505,2
8506,3
8507,2
8508,4
8509,2
8510,2
8511,4
8512,3
8513,2
8514,4
8515,1
8516,1
8517,2
8518,3
8519,2
8520,2
8521,3
8522,2
8523,4
8524,3
8525,4
8526,3
8527,2
8528,3
8529,2
8530,2
8531,1
8532,1
8533,4
8534,1
8535,3
8536,3
8537,1
8538,1
8539,2
8540,1
8541,1
8542,1
8543,3
8544,3
8545,3
8546,2
8547,1
8548,4
8549,2
8550,2
8551,2
8552,1
8553,1
8554,4
8555,1
8556,3
8557,3
8558,2
8559,1
8560,2
8561,3
8562,3
8563,3
8564,3
8565,1
8566,2
8567,3
8568,3
8569,2
8570,3
8571,3
8572,2
8573,4
8574,1
8575,2
8576,2
8577,3
8578,4
8579,3
8580,3
8581,4
8582,1
8583,2
8584,2
8585,3
8586,4
8587,1
8588,4
8589,2
8590,1
8591,2
8592,2
8593,4
8594,4
8595,3
8596,1
8597,2
8598,3
8599,4
8600,3
8601,3
8602,3
8603,1
8604,3
8605,1
8606,3
8607,2
8608,2
8609,1
8610,2
8611,3
8612,1
8613,3
8614,2
8615,2
8616,2
8617,1
8618,2
8619,1
8620,3
8621,3
8622,3
8623,2
8624,2
8625,1
8626,4
8627,4
8628,1
8629,2
8630,4
8631,2
8632,4
8633,2
8634,3
8635,1
8636,1
8637,3
8638,1
8639,3
8640,1
8641,2
8642,1
8643,4
8644,1
8645,3
8646,1
8647,1
8648,2
8649,1
8650,2
8651,2
8652,1
8653,3
8654,4
8655,4
8656,3
8657,1
8658,1
8659,4
8660,4
8661,2
8662,3
8663,3
8664,2
8665,2
8666,3
8667,2
8668,2
8669,1
8670,4
8671,2
8672,2
8673,1
8674,3
8675,3
8676,2
8677,2
8678,4
8679,1
8680,4
8681,4
8682,1
8683,1
8684,3
8685,4
8686,3
8687,3
8688,2
8689,2
8690,4
8691,3
8692,2
8693,1
8694,4
8695,2
8696,4
8697,1
8698,1
8699,1
8700,3
8701,4
8702,3
8703,3
8704,2
8705,2
8706,2
8707,2
8708,1
8709,2
8710,4
8711,2
8712,1
8713,3
8714,2
8715,1
8716,4
8717,2
8718,3
8719,1
8720,4
8721,1
8722,3
8723,3
8724,2
8725,1
8726,2
8727,1
8728,1
8729,2
8730,2
8731,2
8732,2
8733,2
8734,2
8735,2
8736,3
8737,4
8738,4
8739,2
8740,2
8741,3
8742,1
8743,4
8744,2
8745,2
8746,2
8747,2
8748,2
8749,1
8750,3
8751,3
8752,2
8753,2
8754,2
8755,3
8756,3
8757,4
8758,2
8759,4
8760,4
8761,3
8762,1
8763,1
8764,2
8765,2
8766,4
8767,3
8768,3
8769,4
8770,2
8771,3
8772,1
8773,2
8774,1
8775,2
8776,2
8777,4
8778,4
8779,4
8780,4
8781,3
8782,2
8783,4
8784,3
8785,3
8786,4
8787,3
8788,3
8789,3
8790,2
8791,3
8792,1
8793,3
8794,2
8795,2
8796,1
8797,4
8798,1
8799,2
8800,3
8801,3
8802,4
8803,1
8804,2
8805,4
8806,2
8807,2
8808,3
8809,1
8810,4
8811,1
8812,3
8813,4
8814,1
8815,1
8816,4
8817,3
8818,3
8819,4
8820,3
8821,2
8822,3
8823,3
8824,3
8825,3
8826,2
8827,1
8828,2
8829,1
8830,2
8831,1
8832,2
8833,4
8834,1
8835,2
8836,4
8837,2
8838,2
8839,2
8840,3
8841,1
8842,4
8843,2
8844,2
8845,3
8846,2
8847,3
8848,3
8849,3
8850,3
8851,2
8852,3
8853,1
8854,2
8855,3
8856,2
8857,1
8858,3
8859,3
8860,2
8861,3
8862,3
8863,3
8864,4
8865,3
8866,3
8867,2
8868,1
8869,4
8870,3
8871,1
8872,1
8873,1
8874,2
8875,3
8876,1
8877,3
8878,3
8879,3
8880,4
8881,2
8882,4
8883,2
8884,1
8885,4
8886,2
8887,4
8888,4
8889,3
8890,2
8891,3
8892,3
8893,2
8894,1
8895,3
8896,1
8897,4
8898,1
8899,2
8900,1
8901,4
8902,1
8903,4
8904,4
8905,4
8906,1
8907,3
8908,3
8909,4
8910,2
8911,1
8912,1
8913,2
8914,1
8915,2
8916,2
8917,3
8918,3
8919,3
8920,1
8921,1
8922,1
8923,3
8924,2
8925,2
8926,3
8927,3
8928,1
8929,3
8930,3
8931,3
8932,3
8933,4
8934,4
8935,3
8936,1
8937,3
8938,1
8939,1
8940,3
8941,2
8942,2
8943,2
8944,1
8945,3
8946,2
8947,2
8948,1
8949,2
8950,3
8951,3
8952,4
8953,2
8954,1
8955,4
8956,2
8957,3
8958,1
8959,3
8960,4
8961,4
8962,2
8963,4
8964,1
8965,1
8966,1
8967,1
8968,2
8969,2
8970,1
8971,2
8972,2
8973,1
8974,3
8975,3
8976,3
8977,3
8978,3
8979,2
8980,3
8981,2
8982,1
8983,4
8984,4
8985,1
8986,2
8987,4
8988,3
8989,2
8990,1
8991,1
8992,1
8993,3
8994,3
8995,2
8996,4
8997,2
8998,2
8999,1
9000,3
9001,3
9002,1
9003,4
9004,2
9005,2
9006,3
9007,2
9008,1
9009,2
9010,3
9011,1
9012,1
9013,4
9014,3
9015,4
9016,4
9017,1
9018,4
9019,3
9020,4
9021,4
9022,4
9023,3
9024,1
9025,2
9026,4
9027,3
9028,2
9029,2
9030,2
9031,1
9032,3
9033,3
9034,1
9035,3
9036,4
9037,2
9038,2
9039,3
9040,2
9041,4
9042,3
9043,1
9044,4
9045,4
9046,3
9047,4
9048,2
9049,1
9050,1
9051,1
9052,2
9053,4
9054,1
9055,1
9056,3
9057,2
9058,3
9059,2
9060,1
9061,2
9062,4
9063,2
9064,1
9065,3
9066,1
9067,1
9068,3
9069,3
9070,3
9071,3
9072,3
9073,3
9074,1
9075,4
9076,2
9077,4
9078,3
9079,3
9080,2
9081,1
9082,1
9083,3
9084,1
9085,2
9086,3
9087,1
9088,1
9089,3
9090,1
9091,2
9092,4
9093,4
9094,3
9095,4
9096,4
9097,3
9098,2
9099,3
9100,3
9101,1
9102,3
9103,1
9104,3
9105,4
9106,2
9107,2
9108,4
9109,3
9110,2
9111,2
9112,3
9113,4
9114,2
9115,4
9116,4
9117,1
9118,3
9119,4
9120,3
9121,1
9122,2
9123,3
9124,2
9125,2
9126,2
9127,3
9128,2
9129,4
9130,1
9131,1
9132,4
9133,3
9134,1
9135,4
9136,3
9137,3
9138,4
9139,3
9140,4
9141,1
9142,4
9143,1
9144,3
9145,4
9146,1
9147,1
9148,4
9149,1
9150,1
9151,2
9152,4
9153,1
9154,2
9155,1
9156,3
9157,2
9158,2
9159,1
9160,3
9161,1
9162,4
9163,1
9164,3
9165,1
9166,3
9167,2
9168,1
9169,2
9170,4
9171,3
9172,2
9173,4
9174,1
9175,4
9176,3
9177,1
9178,2
9179,3
9180,4
9181,2
9182,4
9183,4
9184,1
9185,4
9186,3
9187,4
9188,4
9189,1
9190,3
9191,4
9192,1
9193,3
9194,3
9195,4
9196,3
9197,4
9198,1
9199,4
9200,2
9201,2
9202,2
9203,3
9204,1
9205,4
9206,1
9207,3
9208,2
9209,4
9210,1
9211,2
9212,2
9213,4
9214,3
9215,3
9216,3
9217,3
9218,1
9219,1
9220,1
9221,3
9222,1
9223,4
9224,2
9225,4
9226,2
9227,3
9228,3
9229,1
9230,4
9231,3
9232,3
9233,4
9234,2
9235,1
9236,4
9237,4
9238,3
9239,3
9240,4
9241,3
9242,2
9243,1
9244,1
9245,1
9246,3
9247,3
9248,3
9249,2
9250,3
9251,4
9252,2
9253,4
9254,4
9255,2
9256,1
9257,3
9258,4
9259,1
9260,1
9261,2
9262,4
9263,2
9264,1
9265,2
9266,4
9267,3
9268,3
9269,1
9270,3
9271,3
9272,3
9273,4
9274,2
9275,4
9276,2
9277,3
9278,2
9279,4
9280,4
9281,1
9282,2
9283,3
9284,2
9285,4
9286,2
9287,4
9288,1
9289,3
9290,2
9291,2
9292,4
9293,1
9294,2
9295,4
9296,4
9297,4
9298,3
9299,1
9300,1
9301,4
9302,3
9303,4
9304,3
9305,3
9306,1
9307,4
9308,4
9309,3
9310,4
9311,1
9312,2
9313,2
9314,3
9315,2
9316,2
9317,3
9318,2
9319,3
9320,1
9321,3
9322,4
9323,3
9324,2
9325,3
9326,1
9327,1
9328,2
9329,4
9330,1
9331,4
9332,4
9333,3
9334,4
9335,4
9336,3
9337,2
9338,3
9339,3
9340,2
9341,1
9342,4
9343,4
9344,4
9345,3
9346,4
9347,1
9348,1
9349,3
9350,3
9351,2
9352,3
9353,2
9354,3
9355,4
9356,2
9357,3
9358,4
9359,2
9360,2
9361,4
9362,1
9363,1
9364,1
9365,4
9366,2
9367,1
9368,3
9369,2
9370,3
9371,3
9372,2
9373,3
9374,4
9375,2
9376,2
9377,4
9378,3
9379,4
9380,1
9381,1
9382,2
9383,4
9384,3
9385,2
9386,1
9387,2
9388,2
9389,4
9390,3
9391,2
9392,3
9393,1
9394,3
9395,2
9396,2
9397,3
9398,2
9399,1
9400,2
9401,1
9402,4
9403,4
9404,3
9405,1
9406,1
9407,3
9408,2
9409,4
9410,2
9411,2
9412,3
9413,4
9414,4
9415,2
9416,1
9417,1
9418,2
9419,2
9420,2
9421,4
9422,2
9423,1
9424,1
9425,3
9426,3
9427,3
9428,2
9429,3
9430,1
9431,3
9432,2
9433,3
9434,2
9435,2
9436,2
9437,3
9438,4
9439,1
9440,4
9441,4
9442,3
9443,3
9444,3
9445,4
9446,4
9447,1
9448,1
9449,3
9450,4
9451,1
9452,2
9453,4
9454,1
9455,2
9456,3
9457,1
9458,3
9459,3
9460,4
9461,4
9462,2
9463,4
9464,4
9465,4
9466,1
9467,3
9468,2
9469,1
9470,2
9471,2
9472,3
9473,1
9474,3
9475,2
9476,3
9477,1
9478,1
9479,3
9480,3
9481,1
9482,2
9483,4
9484,4
9485,4
9486,3
9487,4
9488,2
9489,1
9490,1
9491,3
9492,2
9493,1
9494,4
9495,1
9496,2
9497,1
9498,2
9499,3
9500,2
9501,4
9502,1
9503,1
9504,4
9505,3
9506,1
9507,1
9508,2
9509,2
9510,3
9511,2
9512,3
9513,3
9514,4
9515,4
9516,3
9517,4
9518,4
9519,4
9520,3
9521,2
9522,1
9523,2
9524,3
9525,4
9526,4
9527,3
9528,1
9529,4
9530,3
9531,1
9532,1
9533,1
9534,4
9535,1
9536,2
9537,2
9538,3
9539,2
9540,4
9541,3
9542,2
9543,2
9544,3
9545,3
9546,1
9547,4
9548,4
9549,3
9550,2
9551,2
9552,1
9553,3
9554,2
9555,2
9556,4
9557,3
9558,1
9559,4
9560,1
9561,4
9562,1
9563,4
9564,3
9565,1
9566,4
9567,4
9568,1
9569,2
9570,4
9571,4
9572,3
9573,4
9574,2
9575,1
9576,1
9577,2
9578,3
9579,4
9580,2
9581,3
9582,4
9583,1
9584,4
9585,4
9586,3
9587,4
9588,3
9589,4
9590,3
9591,4
9592,3
9593,3
9594,4
9595,4
9596,2
9597,3
9598,1
9599,3
9600,3
9601,1
9602,2
9603,4
9604,2
9605,2
9606,4
9607,2
9608,3
9609,3
9610,4
9611,2
9612,2
9613,4
9614,4
9615,2
9616,2
9617,4
9618,1
9619,4
9620,2
9621,3
9622,1
9623,3
9624,1
9625,2
9626,3
9627,4
9628,1
9629,3
9630,2
9631,3
9632,3
9633,3
9634,1
9635,3
9636,4
9637,4
9638,3
9639,4
9640,3
9641,4
9642,4
9643,1
9644,2
9645,1
9646,3
9647,4
9648,2
9649,1
9650,4
9651,1
9652,4
9653,3
9654,4
9655,1
9656,3
9657,2
9658,1
9659,1
9660,4
9661,3
9662,3
9663,3
9664,4
9665,3
9666,2
9667,4
9668,3
9669,2
9670,3
9671,1
9672,3
9673,1
9674,3
9675,2
9676,2
9677,3
9678,3
9679,4
9680,3
9681,3
9682,2
9683,3
9684,3
9685,2
9686,3
9687,3
9688,1
9689,4
9690,3
9691,2
9692,4
9693,4
9694,3
9695,3
9696,2
9697,4
9698,3
9699,2
9700,2
9701,2
9702,4
9703,1
9704,3
9705,4
9706,4
9707,3
9708,2
9709,1
9710,2
9711,4
9712,4
9713,1
9714,3
9715,3
9716,1
9717,4
9718,2
9719,2
9720,3
9721,1
9722,2
9723,3
9724,2
9725,3
9726,4
9727,2
9728,4
9729,2
9730,3
9731,4
9732,3
9733,4
9734,3
9735,3
9736,1
9737,2
9738,1
9739,3
9740,4
9741,3
9742,3
9743,4
9744,1
9745,1
9746,3
9747,2
9748,4
9749,3
9750,1
9751,1
9752,2
9753,4
9754,4
9755,3
9756,4
9757,3
9758,3
9759,3
9760,3
9761,2
9762,1
9763,3
9764,1
9765,4
9766,1
9767,3
9768,2
9769,3
9770,4
9771,1
9772,3
9773,3
9774,1
9775,1
9776,1
9777,2
9778,1
9779,1
9780,2
9781,3
9782,4
9783,2
9784,3
9785,2
9786,3
9787,4
9788,4
9789,1
9790,4
9791,3
9792,3
9793,2
9794,2
9795,1
9796,4
9797,4
9798,3
9799,1
9800,2
9801,3
9802,2
9803,3
9804,1
9805,2
9806,1
9807,3
9808,3
9809,2
9810,4
9811,4
9812,1
9813,2
9814,4
9815,4
9816,3
9817,4
9818,3
9819,1
9820,1
9821,2
9822,3
9823,4
9824,1
9825,1
9826,1
9827,4
9828,3
9829,4
9830,1
9831,1
9832,2
9833,1
9834,1
9835,4
9836,4
9837,3
9838,3
9839,4
9840,2
9841,3
9842,4
9843,4
9844,2
9845,3
9846,1
9847,3
9848,3
9849,4
9850,3
9851,2
9852,4
9853,2
9854,3
9855,1
9856,2
9857,4
9858,3
9859,4
9860,1
9861,4
9862,3
9863,3
9864,1
9865,4
9866,4
9867,4
9868,3
9869,3
9870,2
9871,2
9872,2
9873,4
9874,1
9875,2
9876,2
9877,2
9878,1
9879,3
9880,4
9881,4
9882,4
9883,3
9884,3
9885,3
9886,1
9887,4
9888,2
9889,3
9890,2
9891,1
9892,4
9893,4
9894,4
9895,4
9896,1
9897,1
9898,4
9899,1
9900,3
9901,3
9902,2
9903,1
9904,1
9905,3
9906,4
9907,1
9908,3
9909,4
9910,3
9911,4
9912,1
9913,2
9914,1
9915,1
9916,1
9917,3
9918,4
9919,4
9920,4
9921,4
9922,4
9923,1
9924,4
9925,1
9926,2
9927,2
9928,4
9929,2
9930,2
9931,1
9932,2
9933,4
9934,4
9935,4
9936,1
9937,1
9938,4
9939,2
9940,4
9941,2
9942,1
9943,2
9944,3
9945,1
9946,3
9947,3
9948,3
9949,3
9950,3
9951,1
9952,4
9953,4
9954,2
9955,1
9956,4
9957,3
9958,2
9959,2
9960,2
9961,1
9962,1
9963,2
9964,4
9965,3
9966,1
9967,3
9968,1
9969,2
9970,4
9971,1
9972,4
9973,1
9974,2
9975,1
9976,2
9977,4
9978,2
9979,2
9980,2
9981,1
9982,2
9983,1
9984,1
9985,4
9986,3
9987,2
9988,1
9989,1
9990,4
9991,2
9992,4
9993,4
9994,4
9995,2
9996,3
9997,4
9998,3
9999,2
10000,2