fk_id_truck,fk_id_type_cargo
1,5
2,6
3,6
4,3
5,4
6,4
7,4
8,5
9,1
10,2
11,2
12,6
13,3
14,5
15,2
16,6
17,4
18,1
19,4
20,4
21,2
22,5
23,2
24,3
25,1
26,1
27,3
28,5
29,4
30,1
31,5
32,3
33,4
34,1
35,1
36,5
37,3
38,1
39,1
40,5
41,4
42,2
43,1
44,1
45,2
46,1
47,4
48,2
49,5
50,5
51,6
52,6
53,2
54,4
55,6
56,6
57,5
58,2
59,2
60,3
61,1
62,4
63,5
64,3
65,5
66,5
67,2
68,5
69,2
70,6
71,1
72,2
73,5
74,6
75,6
76,5
77,4
78,4
79,5
80,3
81,3
82,4
83,1
84,6
85,6
86,6
87,6
88,1
89,1
90,2
91,1
92,6
93,4
94,5
95,1
96,3
97,2
98,1
99,3
100,3
101,1
102,3
103,2
104,6
105,5
106,4
107,4
108,2
109,6
110,4
111,1
112,2
113,1
114,2
115,2
116,4
117,6
118,2
119,3
120,2
121,6
122,4
123,4
124,5
125,6
126,1
127,5
128,4
129,2
130,5
131,3
132,1
133,3
134,3
135,1
136,4
137,4
138,3
139,2
140,1
141,4
142,6
143,5
144,1
145,6
146,1
147,4
148,1
149,5
150,1
151,2
152,3
153,4
154,2
155,3
156,5
157,6
158,1
159,1
160,3
161,5
162,4
163,5
164,2
165,3
166,4
167,6
168,6
169,5
170,6
171,4
172,1
173,2
174,1
175,1
176,5
177,2
178,6
179,2
180,3
181,2
182,3
183,4
184,1
185,1
186,4
187,5
188,3
189,2
190,2
191,3
192,1
193,5
194,1
195,4
196,4
197,6
198,2
199,6
200,6
201,4
202,3
203,5
204,3
205,5
206,3
207,3
208,2
209,4
210,2
211,2
212,2
213,1
214,6
215,5
216,6
217,1
218,1
219,6
220,3
221,4
222,2
223,6
224,4
225,6
226,1
227,4
228,5
229,5
230,4
231,5
232,2
233,3
234,6
235,4
236,6
237,3
238,6
239,5
240,4
241,4
242,5
243,1
244,1
245,1
246,2
247,2
248,4
249,3
250,5
251,3
252,4
253,2
254,3
255,3
256,6
257,1
258,3
259,4
260,1
261,3
262,2
263,5
264,1
265,5
266,2
267,1
268,6
269,1
270,4
271,2
272,2
273,5
274,2
275,2
276,4
277,4
278,4
279,1
280,2
281,6
282,5
283,1
284,3
285,6
286,6
287,1
288,5
289,4
290,1
291,4
292,4
293,5
294,4
295,4
296,4
297,2
298,1
299,4
300,2
301,6
302,6
303,1
304,3
305,2
306,2
307,5
308,3
309,6
310,1
311,6
312,5
313,3
314,2
315,3
316,2
317,4
318,3
319,4
320,3
321,6
322,2
323,4
324,5
325,3
326,6
327,3
328,3
329,5
330,2
331,3
332,6
333,5
334,3
335,5
336,6
337,1
338,3
339,6
340,3
341,4
342,2
343,2
344,2
345,1
346,1
347,2
348,3
349,2
350,2
351,6
352,5
353,1
354,5
355,3
356,6
357,3
358,4
359,2
360,2
361,1
362,5
363,1
364,3
365,5
366,3
367,2
368,3
369,2
370,1
371,2
372,5
373,2
374,3
375,1
376,2
377,6
378,4
379,5
380,2
381,5
382,2
383,6
384,6
385,5
386,5
387,2
388,6
389,4
390,2
391,3
392,3
393,5
394,6
395,3
396,6
397,1
398,4
399,1
400,5
401,5
402,1
403,5
404,4
405,6
406,2
407,3
408,1
409,4
410,4
411,5
412,4
413,3
414,3
415,4
416,5
417,5
418,6
419,4
420,2
421,2
422,6
423,4
424,3
425,3
426,3
427,4
428,1
429,1
430,6
431,4
432,6
433,1
434,5
435,4
436,4
437,3
438,6
439,4
440,5
441,3
442,6
443,4
444,1
445,3
446,2
447,1
448,2
449,1
450,5
451,5
452,1
453,2
454,5
455,6
456,6
457,6
458,4
459,6
460,3
461,4
462,2
463,3
464,2
465,3
466,3
467,1
468,2
469,6
470,4
471,5
472,4
473,3
474,4
475,1
476,3
477,4
478,4
479,2
480,6
481,2
482,4
483,6
484,4
485,6
486,5
487,3
488,2
489,6
490,4
491,4
492,6
493,5
494,3
495,4
496,6
497,6
498,3
499,6
500,6
501,1
502,6
503,6
504,4
505,3
506,2
507,5
508,5
509,1
510,6
511,5
512,1
513,2
514,2
515,1
516,6
517,4
518,6
519,6
520,4
521,5
522,3
523,2
524,1
525,4
526,3
527,2
528,6
529,5
530,5
531,5
532,1
533,3
534,1
535,2
536,1
537,4
538,1
539,2
540,2
541,3
542,5
543,6
544,2
545,4
546,5
547,3
548,1
549,4
550,1
551,2
552,4
553,4
554,3
555,1
556,5
557,1
558,2
559,6
560,1
561,5
562,6
563,4
564,2
565,3
566,2
567,3
568,4
569,6
570,6
571,1
572,1
573,2
574,1
575,6
576,4
577,6
578,2
579,4
580,2
581,6
582,1
583,1
584,5
585,1
586,6
587,2
588,6
589,6
590,2
591,2
592,1
593,1
594,4
595,6
596,4
597,3
598,4
599,4
600,3
601,6
602,2
603,6
604,1
605,2
606,3
607,4
608,3
609,3
610,4
611,6
612,5
613,1
614,3
615,1
616,6
617,3
618,3
619,1
620,3
621,1
622,2
623,4
624,3
625,6
626,4
627,2
628,4
629,2
630,5
631,1
632,5
633,4
634,6
635,4
636,6
637,1
638,5
639,4
640,2
641,6
642,1
643,6
644,5
645,1
646,4
647,1
648,3
649,4
650,1
651,1
652,3
653,4
654,1
655,4
656,6
657,5
658,1
659,2
660,1
661,1
662,6
663,3
664,6
665,3
666,5
667,3
668,4
669,6
670,2
671,5
672,2
673,6
674,6
675,3
676,4
677,6
678,5
679,2
680,6
681,1
682,5
683,1
684,1
685,4
686,2
687,3
688,2
689,1
690,5
691,6
692,2
693,6
694,4
695,4
696,2
697,6
698,1
699,6
700,6
701,1
702,2
703,1
704,4
705,1
706,6
707,6
708,4
709,2
710,6
711,6
712,4
713,4
714,1
715,1
716,3
717,2
718,1
719,2
720,5
721,1
722,2
723,4
724,6
725,4
726,6
727,6
728,1
729,5
730,5
731,2
732,1
733,2
734,2
735,6
736,3
737,3
738,2
739,5
740,5
741,1
742,5
743,6
744,6
745,2
746,2
747,2
748,3
749,2
750,1
751,6
752,5
753,6
754,3
755,2
756,3
757,3
758,1
759,5
760,6
761,1
762,3
763,5
764,2
765,6
766,3
767,5
768,1
769,4
770,2
771,1
772,6
773,3
774,2
775,3
776,4
777,3
778,4
779,1
780,3
781,5
782,5
783,6
784,3
785,2
786,5
787,3
788,4
789,6
790,6
791,1
792,2
793,5
794,3
795,3
796,6
797,1
798,2
799,2
800,2
801,2
802,2
803,2
804,1
805,6
806,6
807,1
808,5
809,1
810,2
811,1
812,4
813,6
814,4
815,5
816,3
817,4
818,5
819,6
820,1
821,3
822,2
823,3
824,3
825,5
826,2
827,6
828,3
829,6
830,6
831,1
832,6
833,1
834,3
835,4
836,2
837,5
838,5
839,5
840,1
841,4
842,3
843,1
844,6
845,3
846,4
847,6
848,1
849,5
850,5
851,6
852,3
853,6
854,5
855,4
856,5
857,3
858,4
859,2
860,3
861,1
862,3
863,4
864,3
865,6
866,2
867,5
868,1
869,3
870,6
871,5
872,3
873,3
874,1
875,2
876,5
877,1
878,4
879,5
880,3
881,1
882,4
883,1
884,6
885,1
886,3
887,4
888,4
889,1
890,3
891,4
892,4
893,2
894,2
895,4
896,5
897,4
898,2
899,4
900,2
901,5
902,3
903,6
904,4
905,3
906,3
907,2
908,4
909,3
910,5
911,3
912,1
913,5
914,6
915,2
916,6
917,4
918,3
919,5
920,5
921,4
922,5
923,4
924,4
925,1
926,2
927,5
928,2
929,1
930,5
931,1
932,3
933,4
934,3
935,2
936,1
937,2
938,1
939,6
940,3
941,4
942,2
943,6
944,3
945,4
946,1
947,4
948,1
949,5
950,1
951,5
952,5
953,6
954,2
955,5
956,6
957,1
958,4
959,3
960,3
961,4
962,6
963,6
964,5
965,6
966,6
967,6
968,6
969,4
970,4
971,2
972,6
973,1
974,4
975,6
976,5
977,6
978,6
979,3
980,5
981,4
982,6
983,4
984,2
985,6
986,2
987,3
988,5
989,6
990,6
991,5
992,1
993,6
994,3
995,5
996,6
997,5
998,1
999,2
1000,5
1001,6
1002,1
1003,5
1004,6
1005,4
1006,3
1007,5
1008,1
1009,4
1010,3
1011,5
1012,3
1013,5
1014,6
1015,1
1016,4
1017,2
1018,3
1019,1
1020,6
1021,3
1022,6
1023,1
1024,3
1025,2
1026,1
1027,2
1028,4
1029,5
1030,2
1031,6
1032,1
1033,2
1034,1
1035,6
1036,5
1037,1
1038,2
1039,3
1040,6
1041,2
1042,5
1043,2
1044,4
1045,4
1046,5
1047,4
1048,2
1049,5
1050,1
1051,6
1052,6
1053,1
1054,3
1055,4
1056,2
1057,5
1058,4
1059,2
1060,5
1061,5
1062,3
1063,1
1064,6
1065,6
1066,1
1067,2
1068,6
1069,4
1070,6
1071,3
1072,6
1073,2
1074,6
1075,3
1076,4
1077,1
1078,5
1079,3
1080,4
1081,2
1082,1
1083,6
1084,2
1085,3
1086,1
1087,2
1088,1
1089,2
1090,1
1091,6
1092,2
1093,4
1094,1
1095,2
1096,1
1097,6
1098,4
1099,1
1100,5
1101,3
1102,6
1103,6
1104,4
1105,6
1106,3
1107,2
1108,4
1109,4
1110,5
1111,6
1112,5
1113,2
1114,3
1115,2
1116,5
1117,6
1118,2
1119,1
1120,4
1121,3
1122,3
1123,2
1124,6
1125,5
1126,2
1127,1
1128,1
1129,4
1130,2
1131,1
1132,4
1133,6
1134,2
1135,2
1136,6
1137,6
1138,3
1139,3
1140,1
1141,5
1142,1
1143,1
1144,1
1145,3
1146,4
1147,5
1148,1
1149,5
1150,5
1151,5
1152,2
1153,6
1154,6
1155,4
1156,2
1157,3
1158,2
1159,4
1160,5
1161,2
1162,2
1163,2
1164,4
1165,6
1166,1
1167,1
1168,5
1169,1
1170,6
1171,1
1172,4
1173,1
1174,5
1175,4
1176,4
1177,3
1178,1
1179,4
1180,3
1181,1
1182,1
1183,2
1184,6
1185,4
1186,6
1187,5
1188,4
1189,6
1190,2
1191,1
1192,4
1193,5
1194,6
1195,6
1196,1
1197,6
1198,5
1199,5
1200,2
1201,5
1202,6
1203,2
1204,2
1205,5
1206,2
1207,1
1208,1
1209,5
1210,1
1211,5
1212,2
1213,4
1214,4
1215,4
1216,4
1217,2
1218,1
1219,2
1220,6
1221,3
1222,4
1223,6
1224,1
1225,5
1226,3
1227,1
1228,5
1229,5
1230,2
1231,5
1232,6
1233,5
1234,2
1235,2
1236,6
1237,5
1238,5
1239,1
1240,2
1241,4
1242,5
1243,1
1244,5
1245,2
1246,2
1247,3
1248,4
1249,6
1250,3
1251,3
1252,3
1253,1
1254,2
1255,1
1256,2
1257,5
1258,3
1259,6
1260,3
1261,3
1262,3
1263,3
1264,6
1265,5
1266,5
1267,3
1268,6
1269,4
1270,1
1271,3
1272,4
1273,1
1274,5
1275,5
1276,5
1277,5
1278,2
1279,4
1280,3
1281,2
1282,4
1283,6
1284,5
1285,4
1286,5
1287,1
1288,6
1289,4
1290,4
1291,3
1292,4
1293,2
1294,2
1295,4
1296,6
1297,5
1298,5
1299,3
1300,2
1301,2
1302,6
1303,1
1304,3
1305,2
1306,1
1307,4
1308,4
1309,2
1310,6
1311,3
1312,1
1313,1
1314,2
1315,1
1316,3
1317,1
1318,3
1319,3
1320,6
1321,4
1322,3
1323,3
1324,2
1325,6
1326,1
1327,1
1328,3
1329,1
1330,4
1331,3
1332,5
1333,2
1334,6
1335,2
1336,1
1337,4
1338,5
1339,5
1340,2
1341,3
1342,5
1343,4
1344,3
1345,5
1346,3
1347,3
1348,3
1349,1
1350,1
1351,1
1352,2
1353,3
1354,1
1355,6
1356,6
1357,4
1358,2
1359,3
1360,1
1361,6
1362,1
1363,5
1364,6
1365,4
1366,3
1367,2
1368,5
1369,2
1370,1
1371,3
1372,3
1373,5
1374,1
1375,3
1376,3
1377,2
1378,6
1379,2
1380,4
1381,2
1382,3
1383,5
1384,4
1385,2
1386,1
1387,4
1388,4
1389,6
1390,3
1391,3
1392,1
1393,1
1394,2
1395,3
1396,1
1397,4
1398,5
1399,4
1400,6
1401,4
1402,1
1403,3
1404,2
1405,4
1406,6
1407,5
1408,4
1409,5
1410,3
1411,2
1412,2
1413,4
1414,4
1415,4
1416,1
1417,3
1418,5
1419,2
1420,5
1421,6
1422,3
1423,6
1424,1
1425,3
1426,5
1427,6
1428,3
1429,4
1430,1
1431,3
1432,2
1433,4
1434,6
1435,2
1436,6
1437,2
1438,4
1439,3
1440,5
1441,3
1442,1
1443,1
1444,6
1445,2
1446,5
1447,4
1448,5
1449,4
1450,3
1451,3
1452,1
1453,6
1454,3
1455,5
1456,2
1457,6
1458,5
1459,6
1460,5
1461,5
1462,6
1463,3
1464,2
1465,2
1466,5
1467,6
1468,3
1469,2
1470,4
1471,6
1472,2
1473,3
1474,2
1475,2
1476,4
1477,6
1478,4
1479,5
1480,5
1481,1
1482,4
1483,6
1484,6
1485,1
1486,1
1487,3
1488,3
1489,6
1490,2
1491,1
1492,4
1493,6
1494,1
1495,3
1496,5
1497,1
1498,3
1499,2
1500,6
1501,2
1502,1
1503,3
1504,3
1505,3
1506,5
1507,6
1508,6
1509,4
1510,5
1511,6
1512,4
1513,5
1514,2
1515,5
1516,5
1517,5
1518,3
1519,5
1520,5
1521,6
1522,6
1523,6
1524,6
1525,3
1526,3
1527,2
1528,4
1529,3
1530,3
1531,2
1532,3
1533,1
1534,4
1535,4
1536,6
1537,4
1538,6
1539,4
1540,1
1541,1
1542,1
1543,1
1544,1
1545,5
1546,3
1547,4
1548,4
1549,6
1550,5
1551,3
1552,1
1553,2
1554,3
1555,1
1556,1
1557,3
1558,4
1559,6
1560,2
1561,5
1562,1
1563,2
1564,3
1565,5
1566,2
1567,2
1568,4
1569,3
1570,3
1571,6
1572,3
1573,1
1574,4
1575,6
1576,5
1577,5
1578,4
1579,5
1580,5
1581,2
1582,5
1583,3
1584,4
1585,6
1586,2
1587,1
1588,5
1589,6
1590,6
1591,6
1592,4
1593,3
1594,5
1595,2
1596,1
1597,1
1598,3
1599,3
1600,5
1601,2
1602,5
1603,6
1604,4
1605,3
1606,5
1607,6
1608,6
1609,6
1610,2
1611,3
1612,3
1613,5
1614,5
1615,2
1616,5
1617,4
1618,3
1619,2
1620,4
1621,3
1622,2
1623,5
1624,6
1625,4
1626,2
1627,3
1628,2
1629,2
1630,5
1631,1
1632,4
1633,2
1634,5
1635,5
1636,4
1637,2
1638,2
1639,4
1640,2
1641,5
1642,6
1643,1
1644,5
1645,6
1646,1
1647,3
1648,3
1649,5
1650,3
1651,5
1652,5
1653,2
1654,4
1655,6
1656,3
1657,4
1658,1
1659,6
1660,5
1661,5
1662,1
1663,4
1664,2
1665,3
1666,3
1667,1
1668,6
1669,1
1670,5
1671,2
1672,2
1673,5
1674,6
1675,6
1676,5
1677,5
1678,4
1679,1
1680,6
1681,5
1682,3
1683,1
1684,2
1685,5
1686,3
1687,4
1688,5
1689,3
1690,3
1691,2
1692,5
1693,6
1694,1
1695,4
1696,5
1697,2
1698,2
1699,3
1700,3
1701,6
1702,1
1703,2
1704,1
1705,3
1706,5
1707,3
1708,2
1709,4
1710,5
1711,4
1712,1
1713,1
1714,1
1715,5
1716,1
1717,5
1718,6
1719,2
1720,4
1721,4
1722,5
1723,3
1724,3
1725,4
1726,4
1727,3
1728,6
1729,2
1730,4
1731,3
1732,4
1733,2
1734,1
1735,3
1736,6
1737,4
1738,6
1739,4
1740,1
1741,3
1742,4
1743,2
1744,2
1745,1
1746,6
1747,6
1748,1
1749,1
1750,2
1751,1
1752,4
1753,6
1754,4
1755,6
1756,3
1757,4
1758,6
1759,1
1760,2
1761,2
1762,5
1763,5
1764,2
1765,5
1766,3
1767,3
1768,1
1769,5
1770,1
1771,6
1772,1
1773,3
1774,4
1775,6
1776,3
1777,2
1778,3
1779,5
1780,2
1781,2
1782,2
1783,3
1784,5
1785,6
1786,4
1787,3
1788,5
1789,6
1790,1
1791,1
1792,6
1793,5
1794,3
1795,6
1796,1
1797,2
1798,2
1799,6
1800,3
1801,5
1802,1
1803,3
1804,1
1805,3
1806,3
1807,1
1808,5
1809,6
1810,3
1811,4
1812,5
1813,2
1814,1
1815,6
1816,2
1817,4
1818,2
1819,4
1820,2
1821,1
1822,5
1823,6
1824,4
1825,4
1826,4
1827,5
1828,2
1829,2
1830,5
1831,4
1832,5
1833,1
1834,6
1835,5
1836,2
1837,6
1838,1
1839,4
1840,1
1841,2
1842,3
1843,6
1844,3
1845,3
1846,5
1847,3
1848,6
1849,6
1850,4
1851,3
1852,4
1853,2
1854,3
1855,6
1856,5
1857,5
1858,4
1859,1
1860,4
1861,3
1862,5
1863,5
1864,6
1865,1
1866,6
1867,1
1868,4
1869,1
1870,1
1871,6
1872,1
1873,3
1874,3
1875,1
1876,6
1877,4
1878,4
1879,4
1880,5
1881,1
1882,4
1883,3
1884,5
1885,3
1886,5
1887,2
1888,5
1889,2
1890,5
1891,1
1892,6
1893,1
1894,5
1895,6
1896,1
1897,4
1898,4
1899,2
1900,3
1901,2
1902,2
1903,3
1904,3
1905,1
1906,4
1907,1
1908,1
1909,5
1910,1
1911,2
1912,3
1913,4
1914,2
1915,4
1916,6
1917,4
1918,3
1919,3
1920,5
1921,1
1922,4
1923,5
1924,2
1925,3
1926,5
1927,6
1928,3
1929,1
1930,5
1931,5
1932,3
1933,2
1934,4
1935,6
1936,5
1937,4
1938,3
1939,3
1940,6
1941,5
1942,6
1943,5
1944,5
1945,6
1946,4
1947,2
1948,3
1949,4
1950,5
1951,1
1952,6
1953,5
1954,3
1955,6
1956,2
1957,6
1958,5
1959,4
1960,2
1961,1
1962,5
1963,3
1964,6
1965,4
1966,6
1967,4
1968,5
1969,1
1970,4
1971,3
1972,3
1973,2
1974,2
1975,5
1976,3
1977,1
1978,4
1979,1
1980,2
1981,4
1982,4
1983,5
1984,2
1985,6
1986,4
1987,3
1988,2
1989,5
1990,5
1991,2
1992,2
1993,6
1994,3
1995,1
1996,4
1997,2
1998,5
1999,2
2000,4
2001,3
2002,3
2003,4
2004,3
2005,4
2006,4
2007,4
2008,1
2009,6
2010,5
2011,3
2012,1
2013,6
2014,6
2015,3
2016,2
2017,6
2018,1
2019,6
2020,2
2021,1
2022,3
2023,6
2024,2
2025,1
2026,2
2027,2
2028,6
2029,6
2030,6
2031,4
2032,5
2033,6
2034,6
2035,1
2036,3
2037,6
2038,5
2039,5
2040,2
2041,4
2042,3
2043,3
2044,4
2045,3
2046,3
2047,6
2048,4
2049,3
2050,2
2051,2
2052,3
2053,5
2054,4
2055,3
2056,1
2057,3
2058,4
2059,2
2060,1
2061,5
2062,1
2063,1
2064,3
2065,3
2066,2
2067,6
2068,1
2069,6
2070,2
2071,2
2072,1
2073,2
2074,6
2075,2
2076,4
2077,4
2078,2
2079,4
2080,2
2081,4
2082,6
2083,2
2084,6
2085,3
2086,6
2087,2
2088,2
2089,6
2090,4
2091,6
2092,2
2093,1
2094,5
2095,1
2096,4
2097,3
2098,6
2099,4
2100,6
2101,3
2102,2
2103,6
2104,4
2105,1
2106,2
2107,6
2108,4
2109,2
2110,1
2111,3
2112,6
2113,3
2114,4
2115,2
2116,6
2117,6
2118,4
2119,1
2120,4
2121,2
2122,5
2123,1
2124,2
2125,6
2126,1
2127,1
2128,4
2129,6
2130,5
2131,4
2132,1
2133,2
2134,2
2135,6
2136,2
2137,6
2138,5
2139,1
2140,6
2141,5
2142,2
2143,1
2144,3
2145,6
2146,4
2147,2
2148,3
2149,5
2150,3
2151,5
2152,6
2153,6
2154,3
2155,3
2156,2
2157,3
2158,6
2159,2
2160,3
2161,3
2162,4
2163,6
2164,5
2165,5
2166,6
2167,3
2168,2
2169,4
2170,4
2171,4
2172,5
2173,3
2174,2
2175,1
2176,5
2177,3
2178,6
2179,5
2180,5
2181,2
2182,1
2183,3
2184,3
2185,6
2186,1
2187,2
2188,4
2189,2
2190,6
2191,2
2192,4
2193,1
2194,3
2195,6
2196,3
2197,5
2198,3
2199,4
2200,2
2201,4
2202,2
2203,1
2204,4
2205,3
2206,3
2207,1
2208,1
2209,2
2210,3
2211,3
2212,1
2213,3
2214,3
2215,5
2216,6
2217,2
2218,6
2219,5
2220,1
2221,1
2222,4
2223,6
2224,5
2225,5
2226,5
2227,6
2228,5
2229,2
2230,6
2231,4
2232,2
2233,6
2234,2
2235,2
2236,1
2237,4
2238,1
2239,1
2240,1
2241,4
2242,6
2243,4
2244,5
2245,3
2246,3
2247,4
2248,1
2249,5
2250,2
2251,4
2252,6
2253,5
2254,6
2255,5
2256,2
2257,3
2258,2
2259,2
2260,6
2261,6
2262,3
2263,2
2264,6
2265,2
2266,2
2267,2
2268,5
2269,4
2270,6
2271,3
2272,3
2273,6
2274,3
2275,3
2276,3
2277,2
2278,3
2279,5
2280,3
2281,3
2282,6
2283,1
2284,2
2285,4
2286,5
2287,2
2288,1
2289,1
2290,4
2291,5
2292,4
2293,2
2294,3
2295,1
2296,3
2297,2
2298,3
2299,1
2300,6
2301,3
2302,6
2303,6
2304,2
2305,5
2306,4
2307,1
2308,6
2309,5
2310,2
2311,6
2312,6
2313,5
2314,4
2315,2
2316,2
2317,4
2318,1
2319,2
2320,5
2321,1
2322,4
2323,3
2324,5
2325,2
2326,5
2327,6
2328,6
2329,3
2330,2
2331,6
2332,3
2333,1
2334,6
2335,4
2336,5
2337,3
2338,6
2339,2
2340,4
2341,2
2342,1
2343,5
2344,3
2345,1
2346,2
2347,3
2348,6
2349,4
2350,5
2351,2
2352,6
2353,5
2354,3
2355,1
2356,4
2357,2
2358,6
2359,5
2360,5
2361,1
2362,4
2363,1
2364,2
2365,5
2366,4
2367,5
2368,6
2369,2
2370,1
2371,6
2372,5
2373,2
2374,6
2375,2
2376,2
2377,6
2378,4
2379,4
2380,6
2381,6
2382,3
2383,6
2384,5
2385,4
2386,6
2387,4
2388,1
2389,3
2390,6
2391,2
2392,2
2393,6
2394,6
2395,3
2396,4
2397,3
2398,5
2399,6
2400,4
2401,3
2402,1
2403,6
2404,3
2405,4
2406,4
2407,1
2408,4
2409,4
2410,4
2411,2
2412,2
2413,5
2414,5
2415,6
2416,4
2417,6
2418,1
2419,3
2420,4
2421,2
2422,2
2423,5
2424,1
2425,1
2426,5
2427,1
2428,5
2429,2
2430,2
2431,4
2432,5
2433,5
2434,2
2435,1
2436,6
2437,1
2438,5
2439,4
2440,3
2441,6
2442,6
2443,6
2444,1
2445,4
2446,5
2447,3
2448,5
2449,3
2450,4
2451,2
2452,1
2453,5
2454,2
2455,5
2456,6
2457,4
2458,6
2459,5
2460,1
2461,4
2462,5
2463,3
2464,1
2465,5
2466,5
2467,6
2468,3
2469,5
2470,2
2471,3
2472,4
2473,5
2474,5
2475,2
2476,3
2477,3
2478,5
2479,3
2480,4
2481,1
2482,4
2483,2
2484,6
2485,4
2486,5
2487,4
2488,1
2489,2
2490,1
2491,3
2492,4
2493,1
2494,4
2495,6
2496,6
2497,1
2498,1
2499,3
2500,2
2501,4
2502,1
2503,5
2504,1
2505,1
2506,1
2507,6
2508,6
2509,4
2510,5
2511,5
2512,3
2513,1
2514,1
2515,3
2516,4
2517,3
2518,6
2519,1
2520,1
2521,3
2522,4
2523,2
2524,5
2525,3
2526,3
2527,6
2528,6
2529,2
2530,6
2531,6
2532,2
2533,4
2534,3
2535,3
2536,5
2537,2
2538,5
2539,6
2540,6
2541,1
2542,4
2543,3
2544,4
2545,1
2546,6
2547,6
2548,6
2549,5
2550,3
2551,6
2552,1
2553,1
2554,5
2555,6
2556,6
2557,5
2558,1
2559,1
2560,5
2561,2
2562,3
2563,3
2564,6
2565,1
2566,2
2567,6
2568,1
2569,6
2570,6
2571,5
2572,1
2573,5
2574,6
2575,2
2576,2
2577,4
2578,1
2579,4
2580,3
2581,1
2582,1
2583,3
2584,3
2585,2
2586,6
2587,5
2588,3
2589,6
2590,2
2591,6
2592,5
2593,4
2594,4
2595,1
2596,2
2597,5
2598,5
2599,1
2600,4
2601,5
2602,6
2603,6
2604,1
2605,4
2606,4
2607,5
2608,4
2609,4
2610,4
2611,2
2612,6
2613,4
2614,2
2615,6
2616,6
2617,3
2618,3
2619,4
2620,5
2621,6
2622,6
2623,4
2624,3
2625,6
2626,1
2627,4
2628,3
2629,2
2630,5
2631,1
2632,2
2633,2
2634,6
2635,2
2636,6
2637,2
2638,5
2639,2
2640,6
2641,1
2642,4
2643,4
2644,5
2645,1
2646,1
2647,4
2648,1
2649,3
2650,6
2651,6
2652,2
2653,5
2654,4
2655,5
2656,3
2657,6
2658,5
2659,1
2660,1
2661,6
2662,3
2663,1
2664,2
2665,3
2666,2
2667,6
2668,3
2669,5
2670,2
2671,3
2672,4
2673,4
2674,2
2675,4
2676,5
2677,4
2678,2
2679,1
2680,2
2681,2
2682,3
2683,4
2684,5
2685,3
2686,2
2687,2
2688,4
2689,2
2690,3
2691,3
2692,1
2693,2
2694,4
2695,4
2696,6
2697,6
2698,2
2699,3
2700,1
2701,4
2702,1
2703,3
2704,1
2705,4
2706,5
2707,2
2708,5
2709,6
2710,6
2711,1
2712,2
2713,4
2714,4
2715,4
2716,5
2717,4
2718,2
2719,3
2720,1
2721,6
2722,1
2723,1
2724,5
2725,2
2726,3
2727,3
2728,5
2729,1
2730,6
2731,2
2732,5
2733,2
2734,2
2735,3
2736,2
2737,3
2738,4
2739,4
2740,3
2741,6
2742,6
2743,5
2744,5
2745,6
2746,3
2747,3
2748,5
2749,1
2750,1
2751,4
2752,2
2753,1
2754,4
2755,3
2756,4
2757,3
2758,5
2759,1
2760,4
2761,4
2762,4
2763,4
2764,1
2765,6
2766,4
2767,5
2768,2
2769,1
2770,3
2771,4
2772,2
2773,3
2774,4
2775,5
2776,5
2777,2
2778,1
2779,3
2780,5
2781,6
2782,2
2783,6
2784,4
2785,6
2786,1
2787,3
2788,2
2789,2
2790,3
2791,4
2792,3
2793,3
2794,2
2795,4
2796,1
2797,3
2798,5
2799,3
2800,5
2801,1
2802,3
2803,6
2804,6
2805,2
2806,4
2807,6
2808,5
2809,5
2810,1
2811,6
2812,2
2813,6
2814,5
2815,6
2816,4
2817,2
2818,2
2819,6
2820,4
2821,6
2822,6
2823,1
2824,6
2825,4
2826,6
2827,6
2828,5
2829,6
2830,3
2831,1
2832,1
2833,1
2834,4
2835,5
2836,2
2837,6
2838,3
2839,6
2840,3
2841,5
2842,4
2843,5
2844,1
2845,4
2846,6
2847,6
2848,1
2849,5
2850,3
2851,4
2852,1
2853,1
2854,4
2855,2
2856,6
2857,6
2858,3
2859,3
2860,3
2861,4
2862,1
2863,3
2864,3
2865,1
2866,4
2867,6
2868,2
2869,3
2870,6
2871,5
2872,1
2873,6
2874,4
2875,1
2876,3
2877,2
2878,1
2879,1
2880,6
2881,4
2882,3
2883,4
2884,5
2885,6
2886,3
2887,5
2888,4
2889,2
2890,1
2891,6
2892,2
2893,5
2894,5
2895,1
2896,5
2897,1
2898,1
2899,5
2900,1
2901,2
2902,3
2903,3
2904,5
2905,4
2906,5
2907,4
2908,4
2909,1
2910,6
2911,3
2912,6
2913,2
2914,4
2915,2
2916,2
2917,1
2918,6
2919,4
2920,6
2921,6
2922,2
2923,3
2924,4
2925,6
2926,4
2927,5
2928,4
2929,4
2930,2
2931,3
2932,3
2933,3
2934,5
2935,3
2936,1
2937,5
2938,5
2939,5
2940,1
2941,5
2942,4
2943,4
2944,1
2945,4
2946,4
2947,3
2948,3
2949,3
2950,5
2951,6
2952,4
2953,1
2954,6
2955,5
2956,1
2957,5
2958,2
2959,6
2960,3
2961,3
2962,2
2963,5
2964,1
2965,2
2966,3
2967,3
2968,5
2969,4
2970,6
2971,1
2972,5
2973,4
2974,4
2975,5
2976,1
2977,1
2978,2
2979,3
2980,1
2981,6
2982,1
2983,5
2984,1
2985,3
2986,4
2987,4
2988,1
2989,1
2990,1
2991,4
2992,5
2993,3
2994,6
2995,6
2996,3
2997,1
2998,4
2999,2
3000,6
3001,3
3002,1
3003,5
3004,6
3005,5
3006,2
3007,5
3008,3
3009,4
3010,6
3011,3
3012,5
3013,6
3014,3
3015,2
3016,3
3017,2
3018,5
3019,4
3020,3
3021,2
3022,2
3023,3
3024,5
3025,1
3026,4
3027,1
3028,4
3029,3
3030,4
3031,2
3032,1
3033,5
3034,6
3035,3
3036,6
3037,4
3038,5
3039,4
3040,4
3041,4
3042,5
3043,6
3044,1
3045,5
3046,4
3047,1
3048,3
3049,4
3050,5
3051,3
3052,5
3053,6
3054,2
3055,3
3056,4
3057,5
3058,5
3059,5
3060,6
3061,2
3062,5
3063,5
3064,2
3065,4
3066,3
3067,6
3068,3
3069,3
3070,6
3071,2
3072,4
3073,1
3074,6
3075,6
3076,1
3077,6
3078,1
3079,5
3080,5
3081,2
3082,5
3083,3
3084,4
3085,3
3086,2
3087,1
3088,3
3089,2
3090,5
3091,4
3092,3
3093,1
3094,4
3095,1
3096,4
3097,5
3098,4
3099,4
3100,4
3101,4
3102,3
3103,5
3104,5
3105,5
3106,3
3107,1
3108,4
3109,4
3110,6
3111,2
3112,6
3113,5
3114,1
3115,5
3116,4
3117,2
3118,4
3119,5
3120,5
3121,4
3122,2
3123,3
3124,6
3125,1
3126,1
3127,6
3128,4
3129,2
3130,1
3131,5
3132,1
3133,6
3134,2
3135,6
3136,4
3137,3
3138,6
3139,6
3140,3
3141,6
3142,5
3143,1
3144,3
3145,5
3146,2
3147,1
3148,4
3149,3
3150,6
3151,2
3152,6
3153,3
3154,2
3155,1
3156,2
3157,4
3158,4
3159,1
3160,6
3161,6
3162,3
3163,2
3164,5
3165,1
3166,1
3167,6
3168,1
3169,5
3170,6
3171,3
3172,3
3173,6
3174,3
3175,5
3176,1
3177,1
3178,5
3179,3
3180,1
3181,2
3182,5
3183,3
3184,1
3185,4
3186,2
3187,5
3188,3
3189,1
3190,4
3191,1
3192,1
3193,5
3194,3
3195,1
3196,6
3197,3
3198,3
3199,1
3200,3
3201,3
3202,5
3203,2
3204,1
3205,3
3206,6
3207,4
3208,1
3209,4
3210,3
3211,5
3212,2
3213,5
3214,5
3215,2
3216,1
3217,4
3218,3
3219,3
3220,1
3221,5
3222,4
3223,6
3224,1
3225,1
3226,6
3227,2
3228,3
3229,5
3230,6
3231,6
3232,6
3233,2
3234,1
3235,1
3236,5
3237,1
3238,6
3239,3
3240,1
3241,1
3242,3
3243,2
3244,3
3245,3
3246,1
3247,6
3248,2
3249,5
3250,3
3251,2
3252,3
3253,1
3254,2
3255,4
3256,3
3257,1
3258,6
3259,3
3260,6
3261,4
3262,2
3263,6
3264,5
3265,1
3266,4
3267,6
3268,6
3269,5
3270,2
3271,4
3272,2
3273,6
3274,3
3275,4
3276,6
3277,6
3278,3
3279,1
3280,1
3281,3
3282,5
3283,3
3284,3
3285,5
3286,6
3287,5
3288,2
3289,5
3290,6
3291,6
3292,5
3293,5
3294,2
3295,2
3296,2
3297,6
3298,6
3299,1
3300,4
3301,3
3302,6
3303,6
3304,5
3305,4
3306,1
3307,2
3308,3
3309,3
3310,4
3311,3
3312,4
3313,5
3314,6
3315,6
3316,4
3317,1
3318,1
3319,4
3320,2
3321,4
3322,1
3323,4
3324,1
3325,6
3326,6
3327,1
3328,5
3329,4
3330,1
3331,5
3332,6
3333,3
3334,5
3335,5
3336,1
3337,2
3338,2
3339,4
3340,2
3341,5
3342,4
3343,6
3344,4
3345,5
3346,1
3347,6
3348,2
3349,4
3350,1
3351,6
3352,2
3353,1
3354,6
3355,1
3356,1
3357,4
3358,1
3359,2
3360,3
3361,5
3362,6
3363,3
3364,2
3365,3
3366,3
3367,2
3368,5
3369,4
3370,2
3371,6
3372,1
3373,1
3374,2
3375,4
3376,1
3377,1
3378,6
3379,6
3380,2
3381,4
3382,5
3383,4
3384,6
3385,2
3386,1
3387,4
3388,4
3389,3
3390,3
3391,1
3392,2
3393,5
3394,3
3395,2
3396,2
3397,1
3398,2
3399,1
3400,1
3401,1
3402,2
3403,1
3404,5
3405,2
3406,2
3407,6
3408,1
3409,3
3410,6
3411,1
3412,4
3413,3
3414,4
3415,1
3416,3
3417,4
3418,4
3419,5
3420,6
3421,5
3422,3
3423,1
3424,2
3425,2
3426,6
3427,6
3428,6
3429,2
3430,4
3431,3
3432,2
3433,3
3434,4
3435,3
3436,3
3437,1
3438,2
3439,2
3440,3
3441,1
3442,2
3443,3
3444,1
3445,5
3446,2
3447,4
3448,5
3449,5
3450,2
3451,3
3452,1
3453,6
3454,1
3455,4
3456,6
3457,3
3458,4
3459,6
3460,2
3461,6
3462,6
3463,1
3464,1
3465,6
3466,2
3467,1
3468,5
3469,4
3470,1
3471,5
3472,3
3473,1
3474,5
3475,6
3476,1
3477,5
3478,4
3479,1
3480,4
3481,6
3482,3
3483,3
3484,4
3485,4
3486,5
3487,3
3488,3
3489,4
3490,1
3491,1
3492,6
3493,5
3494,1
3495,5
3496,6
3497,2
3498,2
3499,6
3500,3
3501,1
3502,1
3503,6
3504,2
3505,5
3506,6
3507,1
3508,4
3509,2
3510,2
3511,6
3512,4
3513,6
3514,6
3515,6
3516,4
3517,4
3518,5
3519,4
3520,3
3521,5
3522,4
3523,1
3524,2
3525,1
3526,3
3527,3
3528,2
3529,1
3530,6
3531,1
3532,5
3533,4
3534,5
3535,4
3536,4
3537,6
3538,5
3539,5
3540,1
3541,4
3542,6
3543,4
3544,6
3545,2
3546,1
3547,1
3548,1
3549,3
3550,4
3551,1
3552,4
3553,6
3554,4
3555,3
3556,6
3557,1
3558,3
3559,4
3560,3
3561,2
3562,2
3563,6
3564,3
3565,4
3566,3
3567,3
3568,1
3569,1
3570,5
3571,6
3572,6
3573,6
3574,1
3575,3
3576,4
3577,3
3578,4
3579,1
3580,4
3581,6
3582,1
3583,5
3584,2
3585,6
3586,1
3587,3
3588,6
3589,5
3590,5
3591,1
3592,1
3593,3
3594,3
3595,3
3596,5
3597,5
3598,5
3599,1
3600,5
3601,5
3602,6
3603,1
3604,1
3605,2
3606,3
3607,5
3608,6
3609,1
3610,6
3611,4
3612,1
3613,6
3614,6
3615,4
3616,6
3617,3
3618,4
3619,4
3620,6
3621,4
3622,2
3623,4
3624,3
3625,4
3626,3
3627,5
3628,2
3629,4
3630,1
3631,3
3632,1
3633,1
3634,3
3635,1
3636,5
3637,5
3638,2
3639,6
3640,5
3641,5
3642,5
3643,2
3644,2
3645,3
3646,1
3647,3
3648,3
3649,3
3650,6
3651,1
3652,4
3653,4
3654,1
3655,4
3656,6
3657,2
3658,2
3659,1
3660,2
3661,5
3662,3
3663,5
3664,6
3665,3
3666,6
3667,1
3668,6
3669,2
3670,4
3671,4
3672,3
3673,4
3674,1
3675,4
3676,2
3677,6
3678,4
3679,4
3680,3
3681,4
3682,4
3683,2
3684,1
3685,5
3686,1
3687,1
3688,3
3689,1
3690,4
3691,1
3692,2
3693,1
3694,3
3695,4
3696,6
3697,5
3698,4
3699,6
3700,5
3701,5
3702,6
3703,3
3704,5
3705,6
3706,2
3707,2
3708,2
3709,4
3710,5
3711,2
3712,2
3713,3
3714,2
3715,4
3716,2
3717,3
3718,1
3719,3
3720,6
3721,4
3722,3
3723,1
3724,3
3725,1
3726,1
3727,5
3728,5
3729,2
3730,3
3731,6
3732,2
3733,4
3734,6
3735,2
3736,6
3737,1
3738,3
3739,6
3740,4
3741,2
3742,3
3743,2
3744,3
3745,5
3746,4
3747,4
3748,5
3749,4
3750,4
3751,4
3752,6
3753,6
3754,6
3755,2
3756,6
3757,2
3758,2
3759,6
3760,5
3761,2
3762,3
3763,2
3764,4
3765,3
3766,2
3767,3
3768,2
3769,4
3770,3
3771,5
3772,1
3773,1
3774,6
3775,3
3776,4
3777,6
3778,3
3779,5
3780,4
3781,1
3782,4
3783,2
3784,1
3785,1
3786,2
3787,2
3788,5
3789,6
3790,1
3791,2
3792,1
3793,1
3794,1
3795,6
3796,5
3797,3
3798,6
3799,3
3800,6
3801,6
3802,4
3803,4
3804,3
3805,6
3806,3
3807,5
3808,4
3809,1
3810,1
3811,3
3812,5
3813,2
3814,6
3815,3
3816,2
3817,1
3818,4
3819,5
3820,6
3821,2
3822,5
3823,1
3824,5
3825,1
3826,4
3827,5
3828,4
3829,5
3830,5
3831,3
3832,5
3833,6
3834,3
3835,1
3836,6
3837,2
3838,1
3839,5
3840,5
3841,4
3842,6
3843,4
3844,5
3845,1
3846,2
3847,4
3848,2
3849,6
3850,1
3851,1
3852,1
3853,4
3854,4
3855,1
3856,4
3857,5
3858,5
3859,1
3860,5
3861,5
3862,5
3863,3
3864,3
3865,3
3866,3
3867,6
3868,6
3869,2
3870,2
3871,2
3872,5
3873,2
3874,1
3875,6
3876,1
3877,5
3878,3
3879,5
3880,3
3881,1
3882,3
3883,5
3884,2
3885,3
3886,5
3887,4
3888,1
3889,5
3890,3
3891,6
3892,4
3893,2
3894,4
3895,5
3896,4
3897,1
3898,5
3899,6
3900,6
3901,2
3902,3
3903,1
3904,2
3905,4
3906,3
3907,1
3908,2
3909,1
3910,3
3911,4
3912,2
3913,3
3914,3
3915,6
3916,2
3917,3
3918,1
3919,5
3920,5
3921,1
3922,4
3923,3
3924,2
3925,2
3926,2
3927,2
3928,4
3929,2
3930,6
3931,1
3932,3
3933,1
3934,1
3935,4
3936,4
3937,1
3938,2
3939,4
3940,6
3941,6
3942,2
3943,5
3944,3
3945,4
3946,1
3947,1
3948,5
3949,4
3950,2
3951,2
3952,2
3953,6
3954,2
3955,1
3956,1
3957,5
3958,3
3959,6
3960,5
3961,3
3962,4
3963,5
3964,4
3965,1
3966,3
3967,3
3968,5
3969,4
3970,1
3971,3
3972,2
3973,2
3974,1
3975,2
3976,2
3977,4
3978,1
3979,1
3980,1
3981,2
3982,1
3983,5
3984,4
3985,4
3986,6
3987,6
3988,5
3989,6
3990,4
3991,3
3992,3
3993,2
3994,2
3995,5
3996,4
3997,1
3998,1
3999,4
4000,4
4001,6
4002,2
4003,1
4004,4
4005,5
4006,2
4007,2
4008,5
4009,1
4010,5
4011,4
4012,1
4013,2
4014,6
4015,5
4016,3
4017,5
4018,4
4019,3
4020,3
4021,2
4022,2
4023,6
4024,2
4025,4
4026,1
4027,1
4028,2
4029,3
4030,2
4031,3
4032,1
4033,3
4034,5
4035,1
4036,6
4037,3
4038,3
4039,6
4040,5
4041,2
4042,1
4043,6
4044,1
4045,1
4046,3
4047,2
4048,3
4049,2
4050,5
4051,2
4052,1
4053,5
4054,1
4055,2
4056,4
4057,5
4058,3
4059,6
4060,4
4061,5
4062,1
4063,2
4064,5
4065,1
4066,1
4067,1
4068,1
4069,2
4070,1
4071,3
4072,2
4073,1
4074,5
4075,6
4076,3
4077,4
4078,4
4079,5
4080,5
4081,1
4082,5
4083,5
4084,6
4085,1
4086,5
4087,6
4088,6
4089,2
4090,2
4091,1
4092,2
4093,5
4094,4
4095,1
4096,5
4097,1
4098,2
4099,4
4100,2
4101,3
4102,4
4103,6
4104,6
4105,5
4106,2
4107,2
4108,5
4109,2
4110,5
4111,2
4112,3
4113,1
4114,5
4115,6
4116,1
4117,2
4118,3
4119,4
4120,3
4121,5
4122,6
4123,2
4124,5
4125,4
4126,1
4127,6
4128,5
4129,4
4130,4
4131,6
4132,6
4133,6
4134,1
4135,1
4136,6
4137,2
4138,1
4139,4
4140,4
4141,6
4142,5
4143,1
4144,6
4145,1
4146,2
4147,6
4148,2
4149,5
4150,6
4151,4
4152,1
4153,1
4154,3
4155,6
4156,3
4157,6
4158,3
4159,5
4160,6
4161,2
4162,2
4163,4
4164,1
4165,6
4166,5
4167,6
4168,3
4169,1
4170,5
4171,1
4172,6
4173,1
4174,3
4175,5
4176,1
4177,4
4178,2
4179,6
4180,3
4181,2
4182,4
4183,4
4184,6
4185,4
4186,4
4187,2
4188,2
4189,2
4190,5
4191,4
4192,3
4193,1
4194,4
4195,6
4196,6
4197,3
4198,5
4199,5
4200,2
4201,3
4202,4
4203,5
4204,2
4205,2
4206,1
4207,2
4208,6
4209,6
4210,6
4211,2
4212,6
4213,2
4214,5
4215,3
4216,5
4217,3
4218,5
4219,6
4220,5
4221,1
4222,1
4223,4
4224,2
4225,4
4226,2
4227,5
4228,5
4229,4
4230,2
4231,4
4232,3
4233,4
4234,3
4235,6
4236,6
4237,2
4238,3
4239,6
4240,2
4241,2
4242,1
4243,3
4244,5
4245,4
4246,4
4247,6
4248,3
4249,4
4250,4
4251,4
4252,6
4253,3
4254,2
4255,4
4256,4
4257,3
4258,6
4259,2
4260,2
4261,5
4262,6
4263,3
4264,1
4265,5
4266,6
4267,6
4268,6
4269,4
4270,2
4271,5
4272,1
4273,3
4274,5
4275,2
4276,3
4277,6
4278,6
4279,6
4280,3
4281,1
4282,3
4283,5
4284,5
4285,4
4286,4
4287,2
4288,2
4289,5
4290,6
4291,5
4292,2
4293,1
4294,2
4295,5
4296,6
4297,3
4298,6
4299,2
4300,6
4301,4
4302,1
4303,4
4304,4
4305,3
4306,6
4307,3
4308,6
4309,5
4310,6
4311,3
4312,4
4313,4
4314,2
4315,1
4316,1
4317,4
4318,3
4319,4
4320,3
4321,6
4322,4
4323,5
4324,4
4325,1
4326,6
4327,1
4328,4
4329,2
4330,3
4331,6
4332,2
4333,1
4334,1
4335,2
4336,1
4337,2
4338,5
4339,5
4340,5
4341,5
4342,5
4343,1
4344,3
4345,2
4346,3
4347,6
4348,2
4349,6
4350,5
4351,3
4352,1
4353,3
4354,2
4355,6
4356,5
4357,2
4358,6
4359,6
4360,3
4361,1
4362,2
4363,2
4364,6
4365,1
4366,4
4367,5
4368,1
4369,6
4370,6
4371,3
4372,5
4373,6
4374,6
4375,5
4376,4
4377,5
4378,5
4379,5
4380,6
4381,5
4382,4
4383,4
4384,6
4385,5
4386,5
4387,1
4388,3
4389,3
4390,3
4391,6
4392,5
4393,2
4394,5
4395,3
4396,2
4397,5
4398,3
4399,5
4400,2
4401,5
4402,3
4403,4
4404,4
4405,5
4406,5
4407,4
4408,2
4409,1
4410,5
4411,2
4412,2
4413,2
4414,5
4415,4
4416,2
4417,3
4418,1
4419,2
4420,3
4421,3
4422,1
4423,2
4424,1
4425,6
4426,6
4427,1
4428,2
4429,5
4430,6
4431,6
4432,4
4433,2
4434,6
4435,2
4436,2
4437,5
4438,1
4439,1
4440,3
4441,3
4442,4
4443,6
4444,5
4445,4
4446,2
4447,6
4448,4
4449,2
4450,2
4451,6
4452,5
4453,6
4454,2
4455,2
4456,2
4457,5
4458,1
4459,6
4460,2
4461,3
4462,4
4463,3
4464,3
4465,6
4466,5
4467,1
4468,1
4469,5
4470,6
4471,3
4472,4
4473,5
4474,6
4475,5
4476,4
4477,2
4478,6
4479,5
4480,4
4481,4
4482,6
4483,5
4484,4
4485,1
4486,1
4487,1
4488,6
4489,5
4490,4
4491,2
4492,3
4493,4
4494,1
4495,4
4496,1
4497,5
4498,2
4499,3
4500,3
4501,1
4502,3
4503,3
4504,4
4505,6
4506,5
4507,2
4508,1
4509,4
4510,5
4511,2
4512,3
4513,1
4514,4
4515,4
4516,2
4517,6
4518,1
4519,2
4520,2
4521,4
4522,1
4523,5
4524,4
4525,5
4526,6
4527,4
4528,1
4529,1
4530,1
4531,4
4532,5
4533,5
4534,6
4535,4
4536,3
4537,2
4538,6
4539,5
4540,2
4541,5
4542,6
4543,3
4544,4
4545,2
4546,6
4547,4
4548,4
4549,5
4550,5
4551,2
4552,4
4553,4
4554,1
4555,6
4556,2
4557,4
4558,4
4559,3
4560,5
4561,1
4562,6
4563,2
4564,3
4565,2
4566,6
4567,4
4568,4
4569,6
4570,4
4571,5
4572,2
4573,4
4574,4
4575,5
4576,6
4577,3
4578,4
4579,2
4580,1
4581,4
4582,5
4583,4
4584,3
4585,5
4586,1
4587,5
4588,3
4589,3
4590,5
4591,3
4592,4
4593,1
4594,3
4595,1
4596,2
4597,2
4598,3
4599,6
4600,5
4601,3
4602,2
4603,5
4604,5
4605,1
4606,5
4607,5
4608,6
4609,3
4610,3
4611,4
4612,3
4613,3
4614,1
4615,6
4616,5
4617,4
4618,3
4619,2
4620,6
4621,4
4622,1
4623,5
4624,6
4625,5
4626,6
4627,4
4628,1
4629,1
4630,4
4631,2
4632,5
4633,5
4634,5
4635,4
4636,4
4637,2
4638,5
4639,4
4640,1
4641,3
4642,6
4643,4
4644,4
4645,1
4646,3
4647,4
4648,5
4649,3
4650,4
4651,3
4652,6
4653,1
4654,1
4655,5
4656,6
4657,2
4658,5
4659,5
4660,3
4661,3
4662,1
4663,1
4664,2
4665,5
4666,2
4667,1
4668,4
4669,4
4670,5
4671,2
4672,6
4673,6
4674,6
4675,1
4676,1
4677,2
4678,6
4679,2
4680,3
4681,5
4682,4
4683,3
4684,1
4685,2
4686,5
4687,5
4688,2
4689,5
4690,2
4691,6
4692,1
4693,4
4694,6
4695,1
4696,5
4697,2
4698,6
4699,1
4700,4
4701,6
4702,2
4703,2
4704,5
4705,5
4706,3
4707,1
4708,6
4709,3
4710,1
4711,6
4712,5
4713,5
4714,6
4715,5
4716,4
4717,2
4718,2
4719,1
4720,3
4721,3
4722,4
4723,5
4724,4
4725,6
4726,5
4727,4
4728,6
4729,1
4730,1
4731,4
4732,4
4733,2
4734,6
4735,4
4736,1
4737,6
4738,5
4739,3
4740,2
4741,5
4742,2
4743,5
4744,4
4745,6
4746,3
4747,5
4748,3
4749,4
4750,6
4751,2
4752,1
4753,2
4754,6
4755,6
4756,5
4757,3
4758,1
4759,3
4760,2
4761,1
4762,2
4763,6
4764,1
4765,5
4766,2
4767,6
4768,5
4769,3
4770,6
4771,3
4772,4
4773,1
4774,5
4775,2
4776,1
4777,6
4778,5
4779,5
4780,2
4781,2
4782,4
4783,1
4784,3
4785,6
4786,1
4787,6
4788,4
4789,6
4790,6
4791,4
4792,5
4793,2
4794,5
4795,5
4796,6
4797,1
4798,4
4799,2
4800,6
4801,2
4802,3
4803,4
4804,6
4805,5
4806,2
4807,4
4808,4
4809,6
4810,1
4811,3
4812,3
4813,3
4814,3
4815,3
4816,5
4817,4
4818,4
4819,5
4820,6
4821,3
4822,1
4823,5
4824,5
4825,6
4826,6
4827,3
4828,2
4829,3
4830,1
4831,5
4832,1
4833,3
4834,2
4835,5
4836,2
4837,6
4838,2
4839,5
4840,1
4841,3
4842,3
4843,3
4844,4
4845,4
4846,5
4847,2
4848,1
4849,1
4850,2
4851,6
4852,3
4853,1
4854,2
4855,5
4856,6
4857,1
4858,3
4859,1
4860,2
4861,2
4862,5
4863,3
4864,5
4865,5
4866,6
4867,2
4868,5
4869,5
4870,4
4871,6
4872,6
4873,4
4874,4
4875,3
4876,1
4877,6
4878,4
4879,6
4880,3
4881,4
4882,2
4883,1
4884,6
4885,1
4886,6
4887,3
4888,6
4889,5
4890,2
4891,5
4892,6
4893,3
4894,2
4895,4
4896,6
4897,3
4898,4
4899,1
4900,3
4901,4
4902,3
4903,2
4904,2
4905,5
4906,2
4907,1
4908,1
4909,2
4910,2
4911,3
4912,6
4913,3
4914,2
4915,6
4916,1
4917,3
4918,5
4919,2
4920,3
4921,2
4922,2
4923,6
4924,1
4925,3
4926,1
4927,4
4928,4
4929,6
4930,4
4931,5
4932,3
4933,1
4934,2
4935,1
4936,2
4937,6
4938,4
4939,4
4940,3
4941,5
4942,2
4943,3
4944,5
4945,1
4946,1
4947,6
4948,1
4949,6
4950,6
4951,5
4952,1
4953,5
4954,6
4955,3
4956,4
4957,6
4958,5
4959,3
4960,5
4961,2
4962,2
4963,5
4964,3
4965,3
4966,3
4967,5
4968,5
4969,1
4970,3
4971,6
4972,4
4973,2
4974,1
4975,5
4976,4
4977,6
4978,3
4979,5
4980,4
4981,5
4982,5
4983,2
4984,2
4985,6
4986,1
4987,1
4988,3
4989,2
4990,1
4991,5
4992,5
4993,2
4994,1
4995,5
4996,5
4997,6
4998,4
4999,3
5000,3
5001,6
5002,5
5003,1
5004,6
5005,5
5006,5
5007,5
5008,2
5009,4
5010,6
5011,1
5012,5
5013,6
5014,1
5015,4
5016,5
5017,5
5018,2
5019,2
5020,3
5021,4
5022,3
5023,6
5024,3
5025,5
5026,5
5027,3
5028,5
5029,4
5030,5
5031,3
5032,2
5033,2
5034,6
5035,2
5036,3
5037,6
5038,3
5039,3
5040,2
5041,3
5042,2
5043,6
5044,5
5045,4
5046,6
5047,4
5048,6
5049,3
5050,3
5051,2
5052,4
5053,1
5054,5
5055,2
5056,3
5057,1
5058,6
5059,3
5060,3
5061,5
5062,1
5063,5
5064,6
5065,2
5066,3
5067,2
5068,4
5069,4
5070,5
5071,3
5072,2
5073,6
5074,1
5075,4
5076,1
5077,1
5078,6
5079,1
5080,6
5081,4
5082,3
5083,3
5084,6
5085,3
5086,6
5087,1
5088,1
5089,1
5090,4
5091,5
5092,5
5093,3
5094,5
5095,6
5096,5
5097,3
5098,2
5099,2
5100,1
5101,1
5102,3
5103,3
5104,4
5105,3
5106,6
5107,2
5108,6
5109,5
5110,1
5111,3
5112,1
5113,6
5114,5
5115,3
5116,6
5117,2
5118,1
5119,5
5120,5
5121,1
5122,1
5123,6
5124,4
5125,3
5126,2
5127,2
5128,2
5129,1
5130,3
5131,2
5132,1
5133,4
5134,6
5135,1
5136,2
5137,3
5138,5
5139,6
5140,3
5141,5
5142,5
5143,1
5144,2
5145,4
5146,6
5147,2
5148,1
5149,1
5150,6
5151,3
5152,1
5153,1
5154,3
5155,1
5156,6
5157,1
5158,1
5159,5
5160,3
5161,2
5162,1
5163,5
5164,4
5165,1
5166,2
5167,2
5168,5
5169,2
5170,6
5171,6
5172,4
5173,4
5174,4
5175,4
5176,5
5177,3
5178,1
5179,4
5180,6
5181,1
5182,1
5183,1
5184,4
5185,6
5186,6
5187,3
5188,2
5189,1
5190,6
5191,3
5192,1
5193,6
5194,2
5195,3
5196,1
5197,6
5198,4
5199,4
5200,5
5201,4
5202,6
5203,3
5204,5
5205,2
5206,6
5207,6
5208,1
5209,4
5210,5
5211,2
5212,3
5213,4
5214,5
5215,2
5216,1
5217,2
5218,6
5219,2
5220,3
5221,6
5222,5
5223,4
5224,3
5225,2
5226,4
5227,5
5228,2
5229,4
5230,2
5231,1
5232,3
5233,5
5234,1
5235,4
5236,2
5237,3
5238,5
5239,6
5240,5
5241,6
5242,5
5243,4
5244,5
5245,1
5246,5
5247,6
5248,6
5249,3
5250,5
5251,1
5252,4
5253,5
5254,6
5255,1
5256,2
5257,5
5258,3
5259,1
5260,2
5261,1
5262,4
5263,3
5264,1
5265,6
5266,6
5267,6
5268,6
5269,2
5270,2
5271,6
5272,2
5273,4
5274,6
5275,1
5276,1
5277,2
5278,4
5279,4
5280,2
5281,2
5282,5
5283,2
5284,2
5285,2
5286,1
5287,2
5288,4
5289,3
5290,5
5291,6
5292,2
5293,6
5294,5
5295,6
5296,2
5297,1
5298,3
5299,2
5300,6
5301,6
5302,3
5303,5
5304,3
5305,1
5306,6
5307,6
5308,4
5309,4
5310,2
5311,2
5312,4
5313,3
5314,4
5315,2
5316,2
5317,2
5318,3
5319,3
5320,1
5321,6
5322,4
5323,5
5324,6
5325,4
5326,5
5327,3
5328,2
5329,4
5330,5
5331,5
5332,2
5333,4
5334,5
5335,2
5336,6
5337,5
5338,6
5339,1
5340,1
5341,3
5342,3
5343,6
5344,3
5345,1
5346,2
5347,3
5348,1
5349,3
5350,6
5351,3
5352,4
5353,3
5354,2
5355,5
5356,6
5357,4
5358,6
5359,2
5360,6
5361,2
5362,5
5363,5
5364,4
5365,5
5366,3
5367,1
5368,5
5369,4
5370,1
5371,1
5372,1
5373,3
5374,2
5375,5
5376,1
5377,1
5378,6
5379,5
5380,6
5381,3
5382,2
5383,1
5384,4
5385,1
5386,1
5387,4
5388,1
5389,1
5390,4
5391,4
5392,2
5393,4
5394,6
5395,5
5396,4
5397,6
5398,1
5399,5
5400,2
5401,3
5402,1
5403,4
5404,4
5405,6
5406,5
5407,3
5408,4
5409,2
5410,1
5411,4
5412,4
5413,1
5414,3
5415,5
5416,4
5417,3
5418,2
5419,1
5420,2
5421,2
5422,1
5423,5
5424,1
5425,3
5426,4
5427,3
5428,5
5429,1
5430,4
5431,3
5432,1
5433,5
5434,1
5435,5
5436,1
5437,2
5438,1
5439,2
5440,5
5441,5
5442,2
5443,3
5444,1
5445,5
5446,6
5447,1
5448,5
5449,2
5450,2
5451,4
5452,2
5453,1
5454,6
5455,2
5456,3
5457,4
5458,6
5459,5
5460,4
5461,6
5462,6
5463,3
5464,1
5465,2
5466,1
5467,2
5468,3
5469,1
5470,4
5471,5
5472,5
5473,2
5474,4
5475,5
5476,5
5477,5
5478,3
5479,3
5480,5
5481,5
5482,5
5483,4
5484,5
5485,6
5486,6
5487,6
5488,1
5489,4
5490,1
5491,6
5492,1
5493,6
5494,2
5495,2
5496,4
5497,4
5498,3
5499,1
5500,5
5501,2
5502,2
5503,3
5504,6
5505,5
5506,1
5507,2
5508,5
5509,4
5510,3
5511,1
5512,3
5513,2
5514,5
5515,3
5516,1
5517,4
5518,3
5519,5
5520,5
5521,3
5522,3
5523,1
5524,4
5525,3
5526,5
5527,2
5528,3
5529,5
5530,5
5531,3
5532,1
5533,2
5534,1
5535,2
5536,1
5537,4
5538,5
5539,4
5540,4
5541,5
5542,3
5543,5
5544,2
5545,6
5546,1
5547,6
5548,6
5549,5
5550,5
5551,2
5552,5
5553,2
5554,1
5555,3
5556,2
5557,6
5558,2
5559,3
5560,2
5561,1
5562,3
5563,6
5564,6
5565,1
5566,1
5567,3
5568,4
5569,2
5570,1
5571,6
5572,1
5573,1
5574,6
5575,6
5576,6
5577,6
5578,3
5579,6
5580,5
5581,2
5582,2
5583,3
5584,3
5585,6
5586,3
5587,1
5588,5
5589,6
5590,6
5591,6
5592,4
5593,2
5594,1
5595,1
5596,2
5597,4
5598,4
5599,2
5600,2
5601,6
5602,4
5603,6
5604,5
5605,3
5606,1
5607,6
5608,3
5609,5
5610,2
5611,1
5612,1
5613,5
5614,4
5615,1
5616,1
5617,6
5618,3
5619,6
5620,4
5621,2
5622,3
5623,1
5624,2
5625,5
5626,3
5627,2
5628,5
5629,4
5630,4
5631,6
5632,1
5633,5
5634,1
5635,2
5636,4
5637,3
5638,2
5639,6
5640,5
5641,1
5642,2
5643,4
5644,3
5645,2
5646,4
5647,1
5648,3
5649,4
5650,4
5651,1
5652,4
5653,3
5654,3
5655,3
5656,3
5657,1
5658,3
5659,6
5660,1
5661,1
5662,4
5663,5
5664,1
5665,1
5666,5
5667,1
5668,5
5669,4
5670,3
5671,6
5672,3
5673,5
5674,1
5675,2
5676,5
5677,5
5678,4
5679,2
5680,5
5681,4
5682,5
5683,4
5684,6
5685,5
5686,3
5687,4
5688,1
5689,6
5690,4
5691,6
5692,3
5693,3
5694,1
5695,3
5696,5
5697,4
5698,2
5699,1
5700,2
5701,5
5702,6
5703,4
5704,2
5705,1
5706,2
5707,2
5708,1
5709,2
5710,3
5711,3
5712,3
5713,1
5714,4
5715,3
5716,3
5717,1
5718,4
5719,4
5720,5
5721,3
5722,2
5723,5
5724,4
5725,6
5726,6
5727,3
5728,5
5729,1
5730,6
5731,4
5732,1
5733,2
5734,3
5735,6
5736,3
5737,6
5738,1
5739,1
5740,2
5741,4
5742,1
5743,3
5744,5
5745,6
5746,3
5747,4
5748,5
5749,6
5750,2
5751,6
5752,3
5753,5
5754,2
5755,1
5756,3
5757,6
5758,3
5759,5
5760,5
5761,1
5762,4
5763,6
5764,3
5765,6
5766,5
5767,5
5768,3
5769,4
5770,3
5771,6
5772,4
5773,5
5774,2
5775,2
5776,1
5777,2
5778,1
5779,1
5780,6
5781,3
5782,2
5783,6
5784,2
5785,2
5786,4
5787,3
5788,5
5789,3
5790,2
5791,6
5792,1
5793,5
5794,3
5795,3
5796,1
5797,3
5798,4
5799,5
5800,2
5801,6
5802,2
5803,4
5804,1
5805,3
5806,3
5807,4
5808,5
5809,1
5810,4
5811,6
5812,2
5813,5
5814,1
5815,6
5816,2
5817,4
5818,4
5819,6
5820,1
5821,5
5822,1
5823,6
5824,5
5825,4
5826,6
5827,2
5828,5
5829,5
5830,1
5831,5
5832,1
5833,4
5834,3
5835,4
5836,6
5837,1
5838,3
5839,1
5840,3
5841,1
5842,6
5843,6
5844,1
5845,4
5846,1
5847,2
5848,6
5849,6
5850,1
5851,5
5852,5
5853,4
5854,3
5855,2
5856,5
5857,6
5858,4
5859,3
5860,4
5861,5
5862,3
5863,6
5864,3
5865,1
5866,5
5867,6
5868,3
5869,4
5870,1
5871,3
5872,2
5873,5
5874,4
5875,6
5876,4
5877,2
5878,5
5879,1
5880,3
5881,3
5882,6
5883,6
5884,4
5885,4
5886,3
5887,6
5888,6
5889,6
5890,1
5891,1
5892,3
5893,4
5894,3
5895,1
5896,5
5897,1
5898,3
5899,5
5900,3
5901,6
5902,4
5903,5
5904,3
5905,3
5906,3
5907,4
5908,6
5909,5
5910,4
5911,4
5912,6
5913,6
5914,4
5915,6
5916,3
5917,1
5918,2
5919,3
5920,6
5921,1
5922,6
5923,6
5924,6
5925,3
5926,2
5927,3
5928,5
5929,4
5930,6
5931,2
5932,3
5933,1
5934,3
5935,5
5936,4
5937,6
5938,6
5939,5
5940,5
5941,5
5942,2
5943,4
5944,3
5945,5
5946,1
5947,2
5948,6
5949,4
5950,1
5951,6
5952,1
5953,5
5954,6
5955,4
5956,4
5957,3
5958,5
5959,2
5960,6
5961,5
5962,1
5963,2
5964,1
5965,3
5966,5
5967,4
5968,6
5969,5
5970,3
5971,2
5972,6
5973,5
5974,2
5975,6
5976,1
5977,3
5978,6
5979,4
5980,3
5981,2
5982,5
5983,6
5984,4
5985,3
5986,5
5987,3
5988,1
5989,4
5990,3
5991,1
5992,6
5993,2
5994,1
5995,1
5996,1
5997,4
5998,3
5999,4
6000,1
6001,5
6002,1
6003,4
6004,3
6005,1
6006,1
6007,5
6008,3
6009,5
6010,2
6011,4
6012,4
6013,5
6014,6
6015,3
6016,3
6017,5
6018,4
6019,2
6020,3
6021,2
6022,5
6023,4
6024,1
6025,5
6026,1
6027,5
6028,1
6029,3
6030,6
6031,5
6032,1
6033,5
6034,3
6035,6
6036,2
6037,4
6038,6
6039,2
6040,2
6041,6
6042,2
6043,4
6044,2
6045,1
6046,1
6047,6
6048,2
6049,1
6050,4
6051,6
6052,4
6053,1
6054,1
6055,3
6056,3
6057,2
6058,5
6059,6
6060,4
6061,3
6062,3
6063,6
6064,5
6065,5
6066,6
6067,1
6068,2
6069,1
6070,5
6071,3
6072,4
6073,4
6074,4
6075,5
6076,2
6077,2
6078,4
6079,6
6080,6
6081,5
6082,3
6083,3
6084,1
6085,2
6086,2
6087,3
6088,5
6089,3
6090,4
6091,2
6092,5
6093,2
6094,1
6095,4
6096,6
6097,1
6098,6
6099,5
6100,2
6101,3
6102,1
6103,1
6104,5
6105,6
6106,1
6107,2
6108,5
6109,5
6110,3
6111,3
6112,4
6113,4
6114,5
6115,1
6116,3
6117,4
6118,3
6119,6
6120,2
6121,3
6122,5
6123,6
6124,1
6125,5
6126,6
6127,5
6128,1
6129,2
6130,4
6131,6
6132,1
6133,3
6134,5
6135,1
6136,5
6137,1
6138,4
6139,5
6140,2
6141,3
6142,3
6143,4
6144,3
6145,2
6146,1
6147,6
6148,6
6149,5
6150,4
6151,2
6152,2
6153,3
6154,2
6155,5
6156,5
6157,1
6158,5
6159,4
6160,1
6161,5
6162,3
6163,1
6164,1
6165,5
6166,4
6167,2
6168,2
6169,5
6170,6
6171,5
6172,6
6173,6
6174,6
6175,4
6176,4
6177,3
6178,1
6179,3
6180,5
6181,1
6182,2
6183,3
6184,6
6185,5
6186,2
6187,4
6188,4
6189,4
6190,4
6191,2
6192,3
6193,3
6194,3
6195,5
6196,4
6197,3
6198,1
6199,5
6200,5
6201,5
6202,4
6203,3
6204,6
6205,2
6206,5
6207,5
6208,6
6209,3
6210,2
6211,1
6212,6
6213,4
6214,3
6215,4
6216,5
6217,4
6218,6
6219,2
6220,5
6221,5
6222,4
6223,4
6224,6
6225,3
6226,1
6227,4
6228,4
6229,1
6230,4
6231,5
6232,2
6233,1
6234,4
6235,4
6236,4
6237,1
6238,2
6239,1
6240,2
6241,6
6242,2
6243,2
6244,3
6245,1
6246,2
6247,4
6248,3
6249,5
6250,2
6251,2
6252,2
6253,4
6254,4
6255,3
6256,2
6257,1
6258,1
6259,4
6260,3
6261,3
6262,2
6263,3
6264,4
6265,6
6266,3
6267,1
6268,2
6269,1
6270,6
6271,1
6272,6
6273,1
6274,4
6275,6
6276,4
6277,2
6278,3
6279,1
6280,5
6281,5
6282,5
6283,5
6284,6
6285,1
6286,5
6287,5
6288,2
6289,5
6290,5
6291,3
6292,3
6293,4
6294,5
6295,2
6296,1
6297,2
6298,6
6299,5
6300,2
6301,5
6302,3
6303,2
6304,5
6305,4
6306,1
6307,3
6308,6
6309,3
6310,2
6311,5
6312,2
6313,5
6314,3
6315,1
6316,2
6317,4
6318,6
6319,1
6320,5
6321,2
6322,3
6323,4
6324,2
6325,2
6326,4
6327,1
6328,4
6329,2
6330,4
6331,2
6332,2
6333,5
6334,2
6335,6
6336,5
6337,4
6338,6
6339,1
6340,4
6341,3
6342,1
6343,3
6344,3
6345,6
6346,2
6347,1
6348,4
6349,1
6350,1
6351,1
6352,4
6353,6
6354,6
6355,2
6356,5
6357,3
6358,2
6359,4
6360,1
6361,2
6362,4
6363,2
6364,2
6365,1
6366,3
6367,2
6368,2
6369,1
6370,3
6371,5
6372,1
6373,2
6374,4
6375,1
6376,1
6377,6
6378,5
6379,2
6380,1
6381,2
6382,5
6383,3
6384,4
6385,5
6386,6
6387,4
6388,2
6389,3
6390,2
6391,1
6392,3
6393,5
6394,3
6395,6
6396,2
6397,5
6398,6
6399,4
6400,5
6401,5
6402,2
6403,2
6404,4
6405,5
6406,4
6407,4
6408,2
6409,1
6410,3
6411,4
6412,5
6413,2
6414,6
6415,3
6416,2
6417,2
6418,3
6419,5
6420,1
6421,1
6422,3
6423,6
6424,2
6425,1
6426,5
6427,6
6428,1
6429,2
6430,6
6431,5
6432,5
6433,3
6434,6
6435,1
6436,2
6437,5
6438,1
6439,4
6440,4
6441,6
6442,2
6443,1
6444,5
6445,3
6446,6
6447,5
6448,4
6449,5
6450,5
6451,6
6452,6
6453,6
6454,4
6455,2
6456,6
6457,3
6458,2
6459,6
6460,1
6461,2
6462,6
6463,6
6464,6
6465,3
6466,6
6467,5
6468,6
6469,4
6470,6
6471,6
6472,5
6473,6
6474,5
6475,5
6476,4
6477,5
6478,5
6479,5
6480,2
6481,4
6482,3
6483,6
6484,2
6485,6
6486,6
6487,6
6488,1
6489,4
6490,4
6491,1
6492,4
6493,6
6494,3
6495,2
6496,3
6497,6
6498,1
6499,4
6500,1
6501,6
6502,5
6503,2
6504,5
6505,4
6506,2
6507,2
6508,2
6509,3
6510,2
6511,6
6512,6
6513,6
6514,2
6515,2
6516,4
6517,2
6518,1
6519,1
6520,5
6521,2
6522,1
6523,2
6524,6
6525,2
6526,6
6527,2
6528,5
6529,6
6530,5
6531,5
6532,3
6533,4
6534,1
6535,4
6536,6
6537,1
6538,2
6539,2
6540,1
6541,5
6542,4
6543,1
6544,5
6545,3
6546,3
6547,2
6548,5
6549,6
6550,2
6551,6
6552,1
6553,6
6554,4
6555,6
6556,6
6557,5
6558,5
6559,1
6560,2
6561,2
6562,6
6563,5
6564,4
6565,5
6566,2
6567,6
6568,1
6569,1
6570,3
6571,4
6572,3
6573,6
6574,2
6575,1
6576,5
6577,4
6578,4
6579,2
6580,6
6581,1
6582,6
6583,1
6584,4
6585,6
6586,2
6587,2
6588,1
6589,3
6590,5
6591,4
6592,5
6593,5
6594,2
6595,5
6596,3
6597,4
6598,3
6599,4
6600,3
6601,4
6602,3
6603,5
6604,1
6605,4
6606,5
6607,2
6608,1
6609,3
6610,4
6611,5
6612,5
6613,4
6614,3
6615,2
6616,5
6617,5
6618,5
6619,4
6620,6
6621,5
6622,3
6623,1
6624,1
6625,5
6626,1
6627,1
6628,2
6629,1
6630,5
6631,4
6632,2
6633,1
6634,1
6635,3
6636,6
6637,6
6638,2
6639,3
6640,6
6641,1
6642,1
6643,5
6644,1
6645,2
6646,5
6647,1
6648,3
6649,1
6650,6
6651,1
6652,2
6653,2
6654,4
6655,6
6656,6
6657,3
6658,5
6659,5
6660,1
6661,3
6662,3
6663,1
6664,2
6665,4
6666,6
6667,6
6668,5
6669,6
6670,5
6671,4
6672,3
6673,3
6674,1
6675,4
6676,6
6677,2
6678,2
6679,3
6680,2
6681,1
6682,3
6683,3
6684,4
6685,4
6686,2
6687,5
6688,6
6689,1
6690,6
6691,3
6692,2
6693,4
6694,4
6695,2
6696,3
6697,6
6698,4
6699,5
6700,5
6701,4
6702,4
6703,3
6704,1
6705,2
6706,4
6707,3
6708,2
6709,3
6710,6
6711,3
6712,2
6713,3
6714,3
6715,3
6716,4
6717,2
6718,1
6719,2
6720,3
6721,6
6722,1
6723,3
6724,1
6725,6
6726,6
6727,5
6728,2
6729,3
6730,1
6731,5
6732,1
6733,4
6734,5
6735,4
6736,2
6737,2
6738,6
6739,6
6740,1
6741,1
6742,2
6743,3
6744,4
6745,3
6746,3
6747,3
6748,1
6749,1
6750,1
6751,1
6752,4
6753,1
6754,1
6755,3
6756,5
6757,4
6758,1
6759,5
6760,1
6761,3
6762,2
6763,6
6764,5
6765,2
6766,4
6767,6
6768,6
6769,6
6770,3
6771,3
6772,5
6773,2
6774,1
6775,3
6776,4
6777,1
6778,3
6779,3
6780,2
6781,1
6782,5
6783,6
6784,6
6785,5
6786,2
6787,6
6788,2
6789,5
6790,6
6791,1
6792,3
6793,1
6794,1
6795,6
6796,4
6797,2
6798,1
6799,5
6800,4
6801,5
6802,4
6803,3
6804,2
6805,2
6806,2
6807,3
6808,5
6809,4
6810,3
6811,4
6812,4
6813,4
6814,1
6815,5
6816,1
6817,1
6818,2
6819,5
6820,6
6821,6
6822,1
6823,3
6824,1
6825,2
6826,3
6827,4
6828,1
6829,1
6830,5
6831,3
6832,3
6833,2
6834,3
6835,5
6836,6
6837,6
6838,6
6839,1
6840,4
6841,2
6842,1
6843,4
6844,3
6845,4
6846,3
6847,2
6848,5
6849,3
6850,2
6851,6
6852,2
6853,5
6854,1
6855,1
6856,6
6857,2
6858,2
6859,6
6860,2
6861,5
6862,1
6863,1
6864,6
6865,2
6866,1
6867,5
6868,6
6869,2
6870,4
6871,1
6872,5
6873,5
6874,2
6875,5
6876,6
6877,5
6878,4
6879,1
6880,3
6881,6
6882,3
6883,6
6884,5
6885,3
6886,2
6887,4
6888,5
6889,6
6890,6
6891,4
6892,3
6893,2
6894,2
6895,2
6896,2
6897,6
6898,3
6899,3
6900,5
6901,6
6902,3
6903,2
6904,4
6905,1
6906,5
6907,5
6908,6
6909,5
6910,1
6911,5
6912,2
6913,5
6914,4
6915,6
6916,4
6917,1
6918,1
6919,4
6920,1
6921,2
6922,5
6923,4
6924,4
6925,2
6926,3
6927,5
6928,1
6929,1
6930,6
6931,6
6932,1
6933,6
6934,3
6935,6
6936,4
6937,1
6938,1
6939,5
6940,1
6941,5
6942,1
6943,2
6944,1
6945,2
6946,2
6947,5
6948,6
6949,1
6950,1
6951,1
6952,3
6953,2
6954,2
6955,1
6956,1
6957,4
6958,3
6959,1
6960,1
6961,2
6962,1
6963,2
6964,3
6965,2
6966,1
6967,5
6968,2
6969,6
6970,1
6971,6
6972,2
6973,6
6974,4
6975,2
6976,6
6977,4
6978,6
6979,1
6980,4
6981,6
6982,6
6983,5
6984,5
6985,4
6986,4
6987,5
6988,3
6989,4
6990,5
6991,4
6992,6
6993,1
6994,6
6995,4
6996,4
6997,6
6998,4
6999,2
7000,6
7001,3
7002,3
7003,5
7004,4
7005,6
7006,3
7007,2
7008,6
7009,3
7010,3
7011,2
7012,3
7013,6
7014,2
7015,1
7016,2
7017,2
7018,2
7019,6
7020,4
7021,4
7022,4
7023,3
7024,5
7025,6
7026,4
7027,1
7028,2
7029,4
7030,6
7031,5
7032,5
7033,3
7034,4
7035,1
7036,3
7037,4
7038,5
7039,1
7040,5
7041,4
7042,5
7043,5
7044,2
7045,6
7046,3
7047,3
7048,1
7049,1
7050,1
7051,2
7052,4
7053,2
7054,6
7055,3
7056,4
7057,4
7058,5
7059,3
7060,1
7061,2
7062,5
7063,3
7064,6
7065,5
7066,6
7067,3
7068,3
7069,5
7070,4
7071,4
7072,1
7073,4
7074,6
7075,4
7076,2
7077,1
7078,2
7079,6
7080,3
7081,6
7082,2
7083,1
7084,5
7085,3
7086,5
7087,5
7088,1
7089,5
7090,6
7091,4
7092,1
7093,1
7094,6
7095,6
7096,3
7097,2
7098,4
7099,1
7100,2
7101,1
7102,3
7103,2
7104,3
7105,4
7106,6
7107,4
7108,3
7109,4
7110,3
7111,1
7112,5
7113,1
7114,2
7115,3
7116,2
7117,5
7118,3
7119,6
7120,6
7121,6
7122,4
7123,1
7124,6
7125,3
7126,3
7127,3
7128,1
7129,3
7130,3
7131,4
7132,2
7133,4
7134,2
7135,5
7136,5
7137,3
7138,3
7139,1
7140,2
7141,5
7142,6
7143,5
7144,6
7145,2
7146,5
7147,1
7148,5
7149,2
7150,6
7151,6
7152,4
7153,3
7154,3
7155,4
7156,5
7157,1
7158,1
7159,3
7160,5
7161,5
7162,6
7163,1
7164,1
7165,3
7166,6
7167,5
7168,6
7169,3
7170,4
7171,5
7172,5
7173,4
7174,4
7175,2
7176,4
7177,3
7178,4
7179,2
7180,3
7181,5
7182,6
7183,1
7184,6
7185,2
7186,4
7187,2
7188,2
7189,5
7190,5
7191,3
7192,6
7193,2
7194,3
7195,1
7196,6
7197,1
7198,3
7199,6
7200,2
7201,4
7202,4
7203,5
7204,3
7205,2
7206,5
7207,4
7208,2
7209,5
7210,2
7211,3
7212,1
7213,3
7214,4
7215,5
7216,4
7217,3
7218,4
7219,4
7220,6
7221,1
7222,3
7223,2
7224,4
7225,6
7226,5
7227,3
7228,6
7229,4
7230,4
7231,1
7232,5
7233,5
7234,3
7235,1
7236,5
7237,1
7238,5
7239,2
7240,2
7241,4
7242,3
7243,6
7244,6
7245,3
7246,6
7247,6
7248,2
7249,4
7250,2
7251,6
7252,2
7253,6
7254,1
7255,6
7256,5
7257,1
7258,4
7259,5
7260,6
7261,1
7262,3
7263,3
7264,5
7265,1
7266,6
7267,1
7268,5
7269,1
7270,6
7271,5
7272,2
7273,3
7274,5
7275,6
7276,2
7277,6
7278,2
7279,2
7280,6
7281,4
7282,3
7283,5
7284,4
7285,5
7286,5
7287,1
7288,6
7289,4
7290,6
7291,5
7292,5
7293,5
7294,1
7295,3
7296,1
7297,2
7298,5
7299,5
7300,6
7301,1
7302,3
7303,1
7304,2
7305,3
7306,1
7307,5
7308,4
7309,6
7310,4
7311,1
7312,3
7313,4
7314,5
7315,2
7316,3
7317,2
7318,6
7319,3
7320,4
7321,5
7322,5
7323,1
7324,1
7325,3
7326,6
7327,4
7328,3
7329,5
7330,1
7331,1
7332,3
7333,6
7334,5
7335,4
7336,4
7337,5
7338,5
7339,6
7340,3
7341,1
7342,3
7343,6
7344,4
7345,2
7346,1
7347,2
7348,6
7349,2
7350,3
7351,6
7352,5
7353,4
7354,2
7355,6
7356,2
7357,4
7358,5
7359,5
7360,1
7361,6
7362,1
7363,6
7364,1
7365,4
7366,4
7367,3
7368,3
7369,5
7370,2
7371,4
7372,2
7373,5
7374,6
7375,4
7376,3
7377,3
7378,3
7379,2
7380,5
7381,4
7382,6
7383,3
7384,3
7385,3
7386,5
7387,2
7388,3
7389,6
7390,4
7391,5
7392,6
7393,6
7394,6
7395,2
7396,5
7397,3
7398,4
7399,5
7400,1
7401,3
7402,4
7403,3
7404,2
7405,2
7406,4
7407,2
7408,1
7409,5
7410,6
7411,2
7412,4
7413,2
7414,3
7415,3
7416,5
7417,2
7418,1
7419,3
7420,6
7421,1
7422,2
7423,1
7424,1
7425,3
7426,2
7427,3
7428,4
7429,4
7430,5
7431,6
7432,6
7433,6
7434,1
7435,4
7436,6
7437,4
7438,4
7439,6
7440,5
7441,6
7442,6
7443,3
7444,5
7445,6
7446,1
7447,2
7448,3
7449,4
7450,1
7451,6
7452,1
7453,5
7454,1
7455,5
7456,6
7457,6
7458,5
7459,6
7460,3
7461,5
7462,2
7463,6
7464,5
7465,3
7466,5
7467,4
7468,6
7469,2
7470,6
7471,4
7472,3
7473,1
7474,3
7475,2
7476,4
7477,2
7478,4
7479,3
7480,3
7481,4
7482,1
7483,5
7484,1
7485,3
7486,2
7487,5
7488,6
7489,6
7490,4
7491,2
7492,4
7493,1
7494,2
7495,5
7496,6
7497,2
7498,2
7499,2
7500,3
7501,3
7502,4
7503,4
7504,1
7505,5
7506,1
7507,1
7508,4
7509,3
7510,1
7511,3
7512,4
7513,1
7514,1
7515,4
7516,1
7517,6
7518,1
7519,2
7520,6
7521,3
7522,1
7523,1
7524,1
7525,1
7526,6
7527,4
7528,4
7529,5
7530,3
7531,1
7532,1
7533,3
7534,1
7535,5
7536,6
7537,6
7538,6
7539,5
7540,6
7541,1
7542,4
7543,3
7544,3
7545,5
7546,4
7547,6
7548,3
7549,5
7550,5
7551,4
7552,5
7553,4
7554,3
7555,5
7556,6
7557,3
7558,2
7559,5
7560,6
7561,2
7562,1
7563,1
7564,2
7565,5
7566,1
7567,3
7568,4
7569,6
7570,5
7571,1
7572,2
7573,1
7574,4
7575,4
7576,1
7577,2
7578,6
7579,2
7580,4
7581,6
7582,4
7583,6
7584,4
7585,2
7586,2
7587,1
7588,5
7589,2
7590,2
7591,2
7592,2
7593,5
7594,3
7595,2
7596,6
7597,3
7598,4
7599,5
7600,6
7601,1
7602,5
7603,1
7604,2
7605,5
7606,1
7607,1
7608,3
7609,2
7610,6
7611,6
7612,2
7613,5
7614,4
7615,2
7616,3
7617,4
7618,3
7619,1
7620,3
7621,5
7622,5
7623,3
7624,5
7625,5
7626,1
7627,5
7628,3
7629,6
7630,4
7631,1
7632,3
7633,1
7634,2
7635,6
7636,4
7637,5
7638,1
7639,3
7640,4
7641,6
7642,6
7643,5
7644,1
7645,1
7646,2
7647,1
7648,2
7649,6
7650,1
7651,4
7652,1
7653,6
7654,4
7655,6
7656,2
7657,3
7658,1
7659,4
7660,5
7661,3
7662,6
7663,4
7664,5
7665,1
7666,5
7667,4
7668,6
7669,5
7670,6
7671,6
7672,2
7673,5
7674,1
7675,6
7676,6
7677,4
7678,4
7679,6
7680,4
7681,5
7682,3
7683,1
7684,2
7685,3
7686,5
7687,2
7688,6
7689,4
7690,2
7691,1
7692,6
7693,2
7694,3
7695,3
7696,3
7697,2
7698,3
7699,2
7700,4
7701,1
7702,6
7703,4
7704,3
7705,6
7706,6
7707,5
7708,3
7709,3
7710,1
7711,4
7712,1
7713,3
7714,6
7715,1
7716,1
7717,5
7718,2
7719,4
7720,4
7721,2
7722,4
7723,4
7724,3
7725,1
7726,2
7727,4
7728,1
7729,3
7730,3
7731,4
7732,1
7733,4
7734,6
7735,5
7736,4
7737,5
7738,3
7739,6
7740,5
7741,3
7742,2
7743,5
7744,3
7745,1
7746,3
7747,4
7748,6
7749,6
7750,2
7751,3
7752,5
7753,4
7754,2
7755,6
7756,3
7757,2
7758,4
7759,3
7760,2
7761,6
7762,6
7763,4
7764,6
7765,1
7766,3
7767,2
7768,1
7769,5
7770,2
7771,4
7772,6
7773,2
7774,6
7775,3
7776,3
7777,2
7778,5
7779,5
7780,6
7781,6
7782,3
7783,5
7784,6
7785,6
7786,1
7787,5
7788,1
7789,2
7790,5
7791,4
7792,6
7793,2
7794,1
7795,2
7796,5
7797,1
7798,1
7799,2
7800,6
7801,4
7802,4
7803,5
7804,4
7805,4
7806,5
7807,4
7808,5
7809,4
7810,2
7811,1
7812,5
7813,5
7814,5
7815,4
7816,2
7817,2
7818,2
7819,4
7820,2
7821,4
7822,3
7823,2
7824,4
7825,4
7826,5
7827,1
7828,1
7829,6
7830,5
7831,2
7832,6
7833,1
7834,1
7835,5
7836,3
7837,6
7838,3
7839,6
7840,5
7841,6
7842,6
7843,5
7844,1
7845,3
7846,2
7847,6
7848,3
7849,5
7850,3
7851,1
7852,2
7853,5
7854,3
7855,3
7856,6
7857,3
7858,4
7859,1
7860,4
7861,6
7862,1
7863,3
7864,3
7865,4
7866,3
7867,4
7868,3
7869,6
7870,2
7871,6
7872,6
7873,4
7874,6
7875,6
7876,5
7877,2
7878,1
7879,5
7880,2
7881,2
7882,2
7883,6
7884,1
7885,1
7886,6
7887,1
7888,5
7889,3
7890,5
7891,4
7892,3
7893,3
7894,3
7895,2
7896,1
7897,2
7898,4
7899,2
7900,1
7901,1
7902,4
7903,1
7904,4
7905,3
7906,2
7907,5
7908,5
7909,2
7910,6
7911,4
7912,6
7913,6
7914,4
7915,1
7916,5
7917,5
7918,4
7919,2
7920,6
7921,3
7922,3
7923,4
7924,5
7925,1
7926,1
7927,3
7928,5
7929,1
7930,2
7931,6
7932,2
7933,5
7934,4
7935,1
7936,6
7937,1
7938,2
7939,6
7940,6
7941,6
7942,3
7943,2
7944,5
7945,3
7946,2
7947,4
7948,6
7949,4
7950,6
7951,4
7952,2
7953,6
7954,5
7955,6
7956,2
7957,6
7958,2
7959,1
7960,6
7961,2
7962,5
7963,4
7964,1
7965,6
7966,5
7967,2
7968,6
7969,4
7970,1
7971,4
7972,4
7973,4
7974,1
7975,2
7976,1
7977,2
7978,1
7979,1
7980,5
7981,1
7982,3
7983,4
7984,3
7985,4
7986,1
7987,1
7988,1
7989,1
7990,1
7991,4
7992,6
7993,6
7994,2
7995,4
7996,4
7997,3
7998,5
7999,3
8000,6
8001,6
8002,4
8003,1
8004,3
8005,2
8006,5
8007,2
8008,6
8009,5
8010,5
8011,2
8012,3
8013,3
8014,4
8015,5
8016,2
8017,6
8018,2
8019,2
8020,2
8021,1
8022,1
8023,2
8024,5
8025,5
8026,4
8027,3
8028,2
8029,6
8030,5
8031,4
8032,4
8033,1
8034,5
8035,6
8036,4
8037,4
8038,5
8039,6
8040,2
8041,1
8042,3
8043,6
8044,5
8045,6
8046,1
8047,4
8048,4
8049,3
8050,5
8051,4
8052,2
8053,3
8054,6
8055,3
8056,6
8057,6
8058,2
8059,4
8060,2
8061,2
8062,1
8063,6
8064,6
8065,2
8066,5
8067,5
8068,4
8069,2
8070,3
8071,6
8072,6
8073,3
8074,4
8075,4
8076,2
8077,5
8078,6
8079,2
8080,5
8081,3
8082,4
8083,1
8084,4
8085,1
8086,5
8087,5
8088,1
8089,6
8090,3
8091,1
8092,4
8093,1
8094,5
8095,6
8096,6
8097,5
8098,1
8099,6
8100,2
8101,1
8102,2
8103,4
8104,2
8105,5
8106,2
8107,2
8108,2
8109,5
8110,4
8111,5
8112,2
8113,3
8114,5
8115,4
8116,3
8117,5
8118,6
8119,5
8120,6
8121,4
8122,5
8123,4
8124,1
8125,5
8126,1
8127,1
8128,4
8129,6
8130,1
8131,2
8132,6
8133,4
8134,4
8135,2
8136,2
8137,5
8138,1
8139,2
8140,3
8141,3
8142,2
8143,3
8144,3
8145,3
8146,3
8147,2
8148,5
8149,6
8150,3
8151,6
8152,1
8153,6
8154,1
8155,4
8156,6
8157,3
8158,5
8159,2
8160,4
8161,3
8162,3
8163,1
8164,1
8165,6
8166,5
8167,6
8168,4
8169,4
8170,4
8171,1
8172,3
8173,3
8174,1
8175,3
8176,4
8177,3
8178,3
8179,5
8180,6
8181,5
8182,2
8183,5
8184,6
8185,1
8186,3
8187,5
8188,5
8189,1
8190,5
8191,1
8192,5
8193,2
8194,6
8195,2
8196,5
8197,6
8198,1
8199,3
8200,6
8201,6
8202,5
8203,3
8204,5
8205,5
8206,3
8207,6
8208,1
8209,4
8210,5
8211,6
8212,4
8213,3
8214,1
8215,2
8216,4
8217,5
8218,2
8219,4
8220,3
8221,2
8222,4
8223,3
8224,1
8225,1
8226,5
8227,5
8228,2
8229,5
8230,2
8231,1
8232,1
8233,3
8234,3
8235,5
8236,3
8237,1
8238,5
8239,3
8240,1
8241,5
8242,5
8243,6
8244,1
8245,5
8246,4
8247,4
8248,3
8249,4
8250,6
8251,5
8252,3
8253,6
8254,3
8255,1
8256,2
8257,5
8258,3
8259,1
8260,4
8261,4
8262,5
8263,2
8264,2
8265,3
8266,3
8267,6
8268,2
8269,5
8270,4
8271,6
8272,6
8273,4
8274,5
8275,4
8276,5
8277,5
8278,4
8279,3
8280,5
8281,4
8282,1
8283,5
8284,5
8285,1
8286,1
8287,2
8288,1
8289,2
8290,3
8291,4
8292,2
8293,2
8294,5
8295,2
8296,5
8297,2
8298,6
8299,5
8300,6
8301,2
8302,5
8303,1
8304,5
8305,5
8306,2
8307,3
8308,2
8309,4
8310,4
8311,5
8312,5
8313,6
8314,4
8315,1
8316,1
8317,5
8318,4
8319,4
8320,1
8321,5
8322,5
8323,1
8324,3
8325,5
8326,1
8327,3
8328,1
8329,5
8330,5
8331,3
8332,5
8333,1
8334,1
8335,5
8336,4
8337,6
8338,5
8339,3
8340,5
8341,5
8342,3
8343,1
8344,1
8345,1
8346,4
8347,3
8348,5
8349,4
8350,1
8351,2
8352,1
8353,6
8354,4
8355,6
8356,6
8357,5
8358,1
8359,5
8360,4
8361,4
8362,1
8363,6
8364,1
8365,5
8366,6
8367,1
8368,1
8369,2
8370,1
8371,2
8372,1
8373,2
8374,1
8375,1
8376,3
8377,1
8378,5
8379,1
8380,6
8381,2
8382,6
8383,3
8384,4
8385,2
8386,1
8387,5
8388,1
8389,4
8390,3
8391,4
8392,1
8393,4
8394,2
8395,6
8396,5
8397,1
8398,2
8399,3
8400,5
8401,5
8402,2
8403,4
8404,5
8405,2
8406,2
8407,1
8408,4
8409,6
8410,2
8411,2
8412,1
8413,3
8414,6
8415,3
8416,1
8417,3
8418,1
8419,5
8420,5
8421,1
8422,6
8423,3
8424,1
8425,5
8426,2
8427,6
8428,1
8429,6
8430,6
8431,4
8432,3
8433,5
8434,4
8435,2
8436,2
8437,4
8438,1
8439,5
8440,2
8441,5
8442,5
8443,6
8444,1
8445,5
8446,4
8447,1
8448,6
8449,3
8450,2
8451,4
8452,3
8453,2
8454,3
8455,1
8456,6
8457,6
8458,2
8459,3
8460,6
8461,2
8462,4
8463,6
8464,4
8465,6
8466,1
8467,1
8468,4
8469,1
8470,4
8471,6
8472,2
8473,2
8474,6
8475,1
8476,6
8477,3
8478,4
8479,2
8480,3
8481,1
8482,5
8483,4
8484,5
8485,2
8486,4
8487,4
8488,3
8489,2
8490,4
8491,2
8492,6
8493,2
8494,4
8495,1
8496,3
8497,5
8498,6
8499,1
8500,3
8501,4
8502,3
8503,5
8504,2
8505,3
8506,6
8507,3
8508,2
8509,1
8510,1
8511,4
8512,4
8513,4
8514,3
8515,6
8516,2
8517,6
8518,6
8519,4
8520,3
8521,3
8522,3
8523,2
8524,2
8525,3
8526,4
8527,3
8528,6
8529,4
8530,3
8531,2
8532,5
8533,2
8534,2
8535,6
8536,2
8537,3
8538,2
8539,5
8540,5
8541,5
8542,5
8543,3
8544,2
8545,4
8546,5
8547,4
8548,4
8549,4
8550,6
8551,5
8552,6
8553,2
8554,2
8555,6
8556,4
8557,3
8558,2
8559,6
8560,2
8561,3
8562,4
8563,3
8564,3
8565,3
8566,3
8567,5
8568,5
8569,6
8570,5
8571,1
8572,5
8573,5
8574,6
8575,6
8576,6
8577,5
8578,3
8579,5
8580,5
8581,5
8582,5
8583,3
8584,2
8585,1
8586,6
8587,5
8588,4
8589,4
8590,2
8591,6
8592,3
8593,2
8594,2
8595,1
8596,3
8597,5
8598,5
8599,4
8600,4
8601,6
8602,3
8603,5
8604,4
8605,5
8606,3
8607,5
8608,6
8609,1
8610,5
8611,6
8612,2
8613,5
8614,5
8615,4
8616,1
8617,3
8618,4
8619,5
8620,3
8621,3
8622,5
8623,6
8624,4
8625,4
8626,5
8627,2
8628,1
8629,6
8630,4
8631,3
8632,4
8633,4
8634,1
8635,3
8636,6
8637,3
8638,3
8639,2
8640,2
8641,6
8642,1
8643,2
8644,1
8645,1
8646,2
8647,3
8648,1
8649,2
8650,5
8651,4
8652,2
8653,5
8654,5
8655,4
8656,5
8657,1
8658,5
8659,6
8660,1
8661,3
8662,4
8663,2
8664,4
8665,3
8666,2
8667,3
8668,3
8669,1
8670,5
8671,2
8672,6
8673,3
8674,3
8675,1
8676,4
8677,2
8678,5
8679,2
8680,5
8681,4
8682,6
8683,4
8684,1
8685,2
8686,3
8687,6
8688,1
8689,4
8690,3
8691,4
8692,5
8693,5
8694,4
8695,5
8696,6
8697,1
8698,2
8699,1
8700,4
8701,6
8702,1
8703,6
8704,4
8705,5
8706,2
8707,4
8708,5
8709,4
8710,3
8711,5
8712,2
8713,3
8714,1
8715,5
8716,4
8717,6
8718,4
8719,6
8720,1
8721,2
8722,3
8723,4
8724,6
8725,6
8726,1
8727,2
8728,1
8729,6
8730,2
8731,6
8732,3
8733,2
8734,6
8735,5
8736,2
8737,3
8738,4
8739,1
8740,4
8741,6
8742,3
8743,2
8744,3
8745,5
8746,5
8747,1
8748,5
8749,6
8750,5
8751,6
8752,4
8753,5
8754,6
8755,5
8756,1
8757,6
8758,4
8759,4
8760,2
8761,4
8762,2
8763,1
8764,6
8765,5
8766,2
8767,4
8768,5
8769,2
8770,6
8771,4
8772,1
8773,6
8774,6
8775,4
8776,4
8777,1
8778,2
8779,1
8780,2
8781,3
8782,6
8783,6
8784,5
8785,6
8786,4
8787,3
8788,5
8789,6
8790,6
8791,4
8792,6
8793,3
8794,2
8795,3
8796,5
8797,1
8798,6
8799,5
8800,1
8801,2
8802,3
8803,1
8804,1
8805,6
8806,2
8807,4
8808,2
8809,3
8810,5
8811,4
8812,5
8813,1
8814,3
8815,4
8816,5
8817,2
8818,2
8819,6
8820,2
8821,6
8822,4
8823,3
8824,6
8825,4
8826,1
8827,2
8828,4
8829,6
8830,4
8831,3
8832,4
8833,6
8834,1
8835,5
8836,5
8837,1
8838,1
8839,1
8840,5
8841,3
8842,2
8843,2
8844,4
8845,5
8846,1
8847,2
8848,4
8849,6
8850,2
8851,2
8852,4
8853,2
8854,1
8855,3
8856,1
8857,5
8858,1
8859,2
8860,6
8861,5
8862,4
8863,6
8864,4
8865,3
8866,3
8867,2
8868,6
8869,1
8870,6
8871,1
8872,2
8873,4
8874,4
8875,4
8876,5
8877,3
8878,5
8879,5
8880,4
8881,3
8882,3
8883,5
8884,1
8885,2
8886,2
8887,5
8888,5
8889,3
8890,2
8891,1
8892,2
8893,5
8894,3
8895,5
8896,6
8897,1
8898,5
8899,2
8900,6
8901,2
8902,4
8903,1
8904,1
8905,6
8906,2
8907,6
8908,1
8909,2
8910,5
8911,5
8912,1
8913,1
8914,6
8915,4
8916,4
8917,4
8918,6
8919,6
8920,1
8921,1
8922,4
8923,3
8924,2
8925,6
8926,1
8927,3
8928,1
8929,4
8930,2
8931,1
8932,1
8933,3
8934,5
8935,1
8936,6
8937,1
8938,3
8939,4
8940,6
8941,6
8942,5
8943,4
8944,4
8945,6
8946,6
8947,1
8948,2
8949,2
8950,1
8951,2
8952,3
8953,5
8954,5
8955,2
8956,3
8957,2
8958,1
8959,3
8960,3
8961,2
8962,6
8963,3
8964,4
8965,5
8966,6
8967,5
8968,2
8969,6
8970,4
8971,1
8972,3
8973,2
8974,6
8975,3
8976,5
8977,1
8978,5
8979,5
8980,3
8981,2
8982,3
8983,1
8984,5
8985,2
8986,1
8987,4
8988,1
8989,5
8990,6
8991,6
8992,4
8993,5
8994,6
8995,3
8996,5
8997,3
8998,1
8999,2
9000,3
9001,2
9002,4
9003,1
9004,1
9005,6
9006,3
9007,4
9008,5
9009,6
9010,2
9011,3
9012,1
9013,3
9014,5
9015,2
9016,1
9017,1
9018,3
9019,3
9020,3
9021,3
9022,3
9023,1
9024,6
9025,1
9026,2
9027,2
9028,5
9029,3
9030,3
9031,2
9032,3
9033,2
9034,1
9035,3
9036,4
9037,4
9038,6
9039,3
9040,5
9041,3
9042,6
9043,3
9044,5
9045,4
9046,4
9047,4
9048,1
9049,2
9050,6
9051,3
9052,4
9053,2
9054,1
9055,1
9056,6
9057,1
9058,4
9059,6
9060,2
9061,6
9062,6
9063,6
9064,6
9065,1
9066,4
9067,4
9068,5
9069,5
9070,5
9071,1
9072,3
9073,6
9074,2
9075,4
9076,2
9077,1
9078,5
9079,4
9080,4
9081,2
9082,6
9083,3
9084,4
9085,4
9086,5
9087,4
9088,2
9089,4
9090,6
9091,1
9092,1
9093,6
9094,5
9095,6
9096,6
9097,1
9098,1
9099,3
9100,6
9101,6
9102,1
9103,1
9104,3
9105,5
9106,1
9107,4
9108,5
9109,4
9110,1
9111,4
9112,4
9113,4
9114,4
9115,4
9116,1
9117,5
9118,6
9119,6
9120,2
9121,4
9122,6
9123,1
9124,1
9125,3
9126,5
9127,6
9128,5
9129,3
9130,5
9131,5
9132,6
9133,6
9134,6
9135,1
9136,6
9137,2
9138,5
9139,6
9140,5
9141,5
9142,5
9143,2
9144,3
9145,5
9146,5
9147,1
9148,3
9149,5
9150,3
9151,2
9152,3
9153,6
9154,4
9155,2
9156,5
9157,1
9158,5
9159,5
9160,3
9161,2
9162,6
9163,6
9164,4
9165,3
9166,5
9167,1
9168,4
9169,1
9170,3
9171,5
9172,1
9173,4
9174,3
9175,2
9176,4
9177,1
9178,2
9179,2
9180,5
9181,3
9182,2
9183,4
9184,1
9185,3
9186,3
9187,1
9188,5
9189,4
9190,2
9191,3
9192,1
9193,6
9194,1
9195,3
9196,2
9197,1
9198,3
9199,5
9200,3
9201,1
9202,3
9203,6
9204,5
9205,2
9206,3
9207,2
9208,5
9209,5
9210,4
9211,6
9212,2
9213,5
9214,2
9215,6
9216,6
9217,6
9218,3
9219,6
9220,4
9221,6
9222,1
9223,5
9224,1
9225,6
9226,5
9227,1
9228,2
9229,2
9230,1
9231,1
9232,6
9233,1
9234,4
9235,2
9236,2
9237,6
9238,5
9239,4
9240,5
9241,5
9242,5
9243,5
9244,3
9245,3
9246,1
9247,6
9248,4
9249,2
9250,5
9251,2
9252,6
9253,2
9254,6
9255,2
9256,4
9257,3
9258,4
9259,4
9260,3
9261,2
9262,2
9263,2
9264,3
9265,4
9266,3
9267,3
9268,1
9269,5
9270,1
9271,5
9272,4
9273,6
9274,1
9275,3
9276,5
9277,2
9278,6
9279,4
9280,4
9281,1
9282,3
9283,2
9284,6
9285,2
9286,1
9287,4
9288,1
9289,6
9290,3
9291,5
9292,3
9293,3
9294,1
9295,2
9296,1
9297,6
9298,6
9299,6
9300,3
9301,4
9302,3
9303,3
9304,4
9305,5
9306,1
9307,1
9308,4
9309,2
9310,3
9311,4
9312,1
9313,3
9314,3
9315,1
9316,2
9317,2
9318,6
9319,3
9320,3
9321,2
9322,6
9323,1
9324,6
9325,5
9326,2
9327,5
9328,6
9329,2
9330,5
9331,3
9332,5
9333,2
9334,3
9335,5
9336,5
9337,6
9338,6
9339,6
9340,6
9341,1
9342,6
9343,2
9344,5
9345,6
9346,3
9347,3
9348,6
9349,5
9350,5
9351,5
9352,2
9353,6
9354,4
9355,6
9356,6
9357,1
9358,2
9359,1
9360,2
9361,5
9362,1
9363,3
9364,6
9365,4
9366,1
9367,4
9368,5
9369,1
9370,2
9371,3
9372,3
9373,1
9374,4
9375,3
9376,1
9377,6
9378,4
9379,6
9380,2
9381,5
9382,5
9383,2
9384,3
9385,6
9386,2
9387,1
9388,1
9389,4
9390,5
9391,3
9392,6
9393,2
9394,3
9395,2
9396,4
9397,5
9398,2
9399,2
9400,3
9401,6
9402,5
9403,6
9404,6
9405,4
9406,1
9407,6
9408,5
9409,5
9410,4
9411,4
9412,2
9413,5
9414,1
9415,4
9416,2
9417,2
9418,5
9419,4
9420,6
9421,4
9422,5
9423,3
9424,1
9425,2
9426,4
9427,3
9428,4
9429,1
9430,4
9431,4
9432,2
9433,5
9434,5
9435,6
9436,4
9437,4
9438,2
9439,3
9440,3
9441,3
9442,3
9443,1
9444,4
9445,2
9446,2
9447,6
9448,2
9449,1
9450,6
9451,3
9452,5
9453,6
9454,3
9455,2
9456,2
9457,6
9458,2
9459,5
9460,2
9461,2
9462,6
9463,1
9464,5
9465,3
9466,3
9467,1
9468,6
9469,6
9470,2
9471,1
9472,1
9473,3
9474,2
9475,3
9476,4
9477,4
9478,5
9479,5
9480,3
9481,1
9482,6
9483,4
9484,6
9485,4
9486,4
9487,2
9488,1
9489,4
9490,6
9491,3
9492,3
9493,1
9494,1
9495,3
9496,4
9497,2
9498,3
9499,2
9500,3
9501,2
9502,2
9503,3
9504,1
9505,6
9506,4
9507,3
9508,5
9509,4
9510,2
9511,3
9512,5
9513,6
9514,3
9515,3
9516,1
9517,4
9518,4
9519,3
9520,2
9521,6
9522,3
9523,4
9524,6
9525,4
9526,6
9527,2
9528,4
9529,1
9530,6
9531,6
9532,5
9533,3
9534,3
9535,5
9536,4
9537,5
9538,2
9539,1
9540,2
9541,5
9542,4
9543,4
9544,4
9545,4
9546,5
9547,3
9548,2
9549,1
9550,2
9551,3
9552,4
9553,5
9554,3
9555,3
9556,5
9557,5
9558,6
9559,5
9560,2
9561,3
9562,5
9563,5
9564,3
9565,3
9566,2
9567,5
9568,3
9569,3
9570,5
9571,3
9572,4
9573,6
9574,3
9575,1
9576,4
9577,5
9578,3
9579,4
9580,3
9581,2
9582,4
9583,5
9584,5
9585,3
9586,2
9587,3
9588,4
9589,6
9590,4
9591,5
9592,5
9593,4
9594,2
9595,4
9596,6
9597,2
9598,6
9599,6
9600,2
9601,5
9602,1
9603,1
9604,5
9605,2
9606,6
9607,6
9608,6
9609,3
9610,4
9611,5
9612,1
9613,3
9614,6
9615,3
9616,5
9617,2
9618,5
9619,1
9620,1
9621,1
9622,1
9623,2
9624,6
9625,5
9626,2
9627,1
9628,6
9629,1
9630,5
9631,5
9632,2
9633,4
9634,1
9635,6
9636,6
9637,2
9638,6
9639,2
9640,6
9641,5
9642,6
9643,5
9644,5
9645,2
9646,1
9647,3
9648,1
9649,2
9650,4
9651,1
9652,5
9653,2
9654,4
9655,5
9656,4
9657,1
9658,2
9659,5
9660,3
9661,5
9662,4
9663,1
9664,1
9665,6
9666,3
9667,3
9668,5
9669,3
9670,4
9671,3
9672,5
9673,1
9674,2
9675,1
9676,4
9677,1
9678,5
9679,2
9680,2
9681,6
9682,6
9683,1
9684,6
9685,4
9686,1
9687,6
9688,6
9689,1
9690,5
9691,5
9692,6
9693,2
9694,4
9695,1
9696,6
9697,1
9698,6
9699,5
9700,4
9701,2
9702,5
9703,3
9704,2
9705,6
9706,5
9707,2
9708,3
9709,5
9710,6
9711,1
9712,1
9713,1
9714,5
9715,6
9716,6
9717,2
9718,2
9719,4
9720,5
9721,6
9722,2
9723,1
9724,3
9725,2
9726,3
9727,2
9728,2
9729,1
9730,1
9731,1
9732,2
9733,5
9734,6
9735,6
9736,5
9737,2
9738,4
9739,4
9740,6
9741,5
9742,6
9743,6
9744,4
9745,1
9746,4
9747,1
9748,6
9749,3
9750,3
9751,1
9752,5
9753,6
9754,3
9755,3
9756,3
9757,2
9758,5
9759,2
9760,2
9761,2
9762,1
9763,2
9764,4
9765,1
9766,1
9767,6
9768,2
9769,3
9770,1
9771,3
9772,4
9773,5
9774,3
9775,2
9776,4
9777,2
9778,4
9779,2
9780,1
9781,4
9782,3
9783,5
9784,5
9785,1
9786,1
9787,2
9788,2
9789,2
9790,6
9791,4
9792,6
9793,3
9794,4
9795,3
9796,5
9797,3
9798,6
9799,5
9800,2
9801,5
9802,3
9803,4
9804,4
9805,6
9806,5
9807,6
9808,4
9809,5
9810,4
9811,5
9812,1
9813,2
9814,2
9815,5
9816,6
9817,4
9818,4
9819,4
9820,4
9821,5
9822,6
9823,6
9824,1
9825,2
9826,6
9827,1
9828,3
9829,4
9830,1
9831,1
9832,1
9833,2
9834,6
9835,1
9836,3
9837,2
9838,5
9839,3
9840,3
9841,3
9842,5
9843,6
9844,2
9845,1
9846,4
9847,2
9848,3
9849,5
9850,6
9851,6
9852,4
9853,5
9854,6
9855,3
9856,2
9857,6
9858,3
9859,2
9860,3
9861,1
9862,3
9863,4
9864,1
9865,1
9866,4
9867,3
9868,2
9869,5
9870,1
9871,1
9872,6
9873,3
9874,4
9875,1
9876,1
9877,5
9878,2
9879,1
9880,1
9881,5
9882,1
9883,1
9884,3
9885,6
9886,5
9887,2
9888,4
9889,4
9890,5
9891,5
9892,2
9893,2
9894,5
9895,1
9896,2
9897,2
9898,6
9899,1
9900,2
9901,1
9902,3
9903,3
9904,4
9905,6
9906,2
9907,3
9908,4
9909,1
9910,6
9911,1
9912,4
9913,5
9914,3
9915,1
9916,6
9917,1
9918,2
9919,3
9920,6
9921,2
9922,6
9923,2
9924,2
9925,4
9926,5
9927,6
9928,2
9929,1
9930,1
9931,1
9932,5
9933,4
9934,2
9935,3
9936,3
9937,4
9938,2
9939,6
9940,2
9941,5
9942,1
9943,1
9944,4
9945,2
9946,3
9947,2
9948,6
9949,1
9950,4
9951,2
9952,2
9953,4
9954,2
9955,5
9956,4
9957,5
9958,1
9959,4
9960,6
9961,2
9962,1
9963,1
9964,5
9965,1
9966,3
9967,2
9968,6
9969,1
9970,4
9971,6
9972,6
9973,1
9974,6
9975,5
9976,6
9977,1
9978,3
9979,5
9980,3
9981,6
9982,6
9983,4
9984,5
9985,6
9986,3
9987,1
9988,1
9989,5
9990,1
9991,1
9992,6
9993,2
9994,3
9995,5
9996,3
9997,1
9998,6
9999,4
10000,6